SKU_ID,SKU_Size_Class,SKU_Weight_Class,SKU_Velocity,Handling_Type,Family_or_Category,Total_Qty,Order_Count,Last_Order_Day,Category_Total_Qty,Demand_Score,Frequency_Score,Recency_Score,Category_Demand_Score,Velocity_Num,Fragile_Bonus,AI_Priority_Score,AI_Priority_Score_100
S0001,Large,Medium,High,Normal,Electronics,32,10,30,2436,0.7109351736821122,0.42105263157894735,1.0,0.0,1.0,0.0,0.5830378371045287,58.3
S0002,Small,Medium,Medium,Normal,Home,20,9,29,3192,0.5224427366393611,0.3684210526315789,0.9666666666666667,0.8034006376195537,0.5,0.0,0.5318792321120476,53.19
S0003,Large,Heavy,Medium,Normal,Grocery,15,5,30,2945,0.4090375689623374,0.15789473684210525,1.0,0.5409139213602551,0.5,0.0,0.42883348864126464,42.88
S0004,Large,Medium,Low,Normal,Beverages,27,8,29,3377,0.6424154792838106,0.3157894736842105,0.9666666666666667,1.0,0.2,0.0,0.5530033124861758,55.3
S0005,Small,Light,High,Fragile,Electronics,20,7,30,2436,0.5224427366393611,0.2631578947368421,1.0,0.0,1.0,1.0,0.5854865367711448,58.55
S0006,Small,Light,Medium,Normal,PersonalCare,8,4,26,3073,0.16909208367343828,0.10526315789473684,0.8666666666666667,0.6769394261424017,0.5,0.0,0.3279288034788909,32.79
S0007,Large,Light,Low,Fragile,Electronics,22,6,29,2436,0.5603809148566115,0.21052631578947367,0.9666666666666667,0.0,0.2,1.0,0.5032385833577088,50.32
S0008,Medium,Heavy,Low,Normal,PersonalCare,53,16,29,3073,0.9163138199826525,0.7368421052631579,0.9666666666666667,0.6769394261424017,0.2,0.0,0.7007722006608001,70.08
S0009,Large,Medium,Low,Hazardous,Electronics,35,11,30,2436,0.7472217363092142,0.47368421052631576,1.0,0.0,0.2,0.0,0.5262644498134882,52.63
S0010,Large,Light,Medium,Normal,PersonalCare,36,12,29,3073,0.7586479960374547,0.5263157894736842,0.9666666666666667,0.6769394261424017,0.5,0.0,0.6334838991220861,63.35
S0011,Large,Heavy,High,Normal,Home,20,7,25,3192,0.5224427366393611,0.2631578947368421,0.8333333333333334,0.8034006376195537,1.0,0.0,0.5408266005331002,54.08
S0012,Large,Medium,Medium,Chilled,PersonalCare,30,11,30,3073,0.684862159697489,0.47368421052631576,1.0,0.6769394261424017,0.5,0.0,0.6021325406136244,60.21
S0013,Small,Heavy,Low,Normal,PersonalCare,46,14,27,3073,0.8584145253682584,0.631578947368421,0.9,0.6769394261424017,0.2,0.0,0.6494548159668148,64.95
S0014,Large,Light,Medium,Chilled,Grocery,24,8,24,2945,0.5951537466332653,0.3157894736842105,0.8,0.5409139213602551,0.5,0.0,0.4955530981945105,49.56
S0015,Medium,Light,Medium,Normal,PersonalCare,37,14,30,3073,0.7697695188932211,0.631578947368421,1.0,0.6769394261424017,0.5,0.0,0.6634290637005518,66.34
S0016,Small,Light,Medium,Normal,Grocery,25,9,30,2945,0.6115100544329425,0.3684210526315789,1.0,0.5409139213602551,0.5,0.0,0.5418041217138713,54.18
S0017,Medium,Heavy,Low,Normal,Beverages,30,9,27,3377,0.684862159697489,0.3684210526315789,0.9,1.0,0.2,0.0,0.5683859664204369,56.84
S0018,Medium,Heavy,High,Fragile,Grocery,27,8,30,2945,0.6424154792838106,0.3157894736842105,1.0,0.5409139213602551,1.0,1.0,0.6920947046222014,69.21
S0019,Medium,Light,Medium,Normal,Home,51,14,30,3192,0.9005748807508304,0.631578947368421,1.0,0.8034006376195537,0.5,0.0,0.7218570614984302,72.19
S0020,Medium,Heavy,Medium,Normal,Grocery,37,11,27,2945,0.7697695188932211,0.47368421052631576,0.9,0.5409139213602551,0.5,0.0,0.6032475658539161,60.32
S0021,Small,Light,Medium,Normal,Beverages,31,12,29,3377,0.6981023952802253,0.5263157894736842,0.9666666666666667,1.0,0.5,0.0,0.6445989962428157,64.46
S0022,Small,Light,Medium,Normal,Home,13,7,30,3192,0.3533506529659227,0.2631578947368421,1.0,0.8034006376195537,0.5,0.0,0.4566443712473967,45.66
S0023,Medium,Medium,High,Normal,Electronics,36,13,29,2436,0.7586479960374547,0.5789473684210527,0.9666666666666667,0.0,1.0,0.0,0.6263162722973197,62.63
S0024,Medium,Heavy,Medium,Chilled,Electronics,21,9,30,2436,0.5418430900086738,0.3684210526315789,1.0,0.0,0.5,0.0,0.46332929202935164,46.33
S0025,Small,Light,Medium,Hazardous,Grocery,32,10,28,2945,0.7109351736821122,0.42105263157894735,0.9333333333333333,0.5409139213602551,0.5,0.0,0.5771292292405543,57.71
S0026,Small,Light,Medium,Hazardous,Grocery,51,14,29,2945,0.9005748807508304,0.631578947368421,0.9666666666666667,0.5409139213602551,0.5,0.0,0.6906083898725004,69.06
S0027,Small,Heavy,High,Fragile,Beverages,15,6,26,3377,0.4090375689623374,0.21052631578947367,0.8666666666666667,1.0,1.0,1.0,0.6152684122947127,61.53
S0028,Large,Medium,Medium,Normal,Beverages,28,13,29,3377,0.6570496963029375,0.5789473684210527,0.9666666666666667,1.0,0.5,0.0,0.6407568673902386,64.08
S0029,Large,Medium,Medium,Fragile,PersonalCare,45,15,29,3073,0.8494457411744994,0.6842105263157895,0.9666666666666667,0.6769394261424017,0.5,1.0,0.7968420572884728,79.68
S0030,Large,Light,High,Normal,Beverages,25,6,30,3377,0.6115100544329425,0.21052631578947367,1.0,1.0,1.0,0.0,0.6061337822094246,60.61
S0031,Medium,Heavy,Medium,Normal,PersonalCare,40,13,29,3073,0.8014581033947642,0.5789473684210527,0.9666666666666667,0.6769394261424017,0.5,0.0,0.6589937524866183,65.9
S0032,Large,Medium,High,Normal,Home,23,8,21,3192,0.5781296526357756,0.3157894736842105,0.7,0.8034006376195537,1.0,0.0,0.5508433369213189,55.08
S0033,Medium,Heavy,High,Normal,Grocery,41,12,25,2945,0.8115075629572489,0.5263157894736842,0.8333333333333334,0.5409139213602551,1.0,0.0,0.6683821970657994,66.84
S0034,Medium,Heavy,Low,Fragile,Home,28,10,29,3192,0.6570496963029375,0.42105263157894735,0.9666666666666667,0.8034006376195537,0.2,1.0,0.6595179837837729,65.95
S0035,Large,Light,Medium,Normal,Beverages,34,10,29,3377,0.7354735681192746,0.42105263157894735,0.9666666666666667,1.0,0.5,0.0,0.6366262751575356,63.66
S0036,Medium,Medium,Low,Normal,Home,7,3,27,3192,0.11997274264444946,0.05263157894736842,0.9,0.8034006376195537,0.2,0.0,0.28785683947698637,28.79
S0037,Large,Light,Medium,Normal,Home,35,9,24,3192,0.7472217363092142,0.3684210526315789,0.8,0.8034006376195537,0.5,0.0,0.5855518819964962,58.56
S0038,Large,Medium,Medium,Hazardous,Home,30,12,30,3192,0.684862159697489,0.5263157894736842,1.0,0.8034006376195537,0.5,0.0,0.6253049775508134,62.53
S0039,Small,Medium,Low,Normal,Beverages,26,7,29,3377,0.6272489936647647,0.2631578947368421,0.9666666666666667,1.0,0.2,0.0,0.537168726730036,53.72
S0040,Large,Medium,Medium,Normal,Home,29,7,26,3192,0.6711877414712398,0.2631578947368421,0.8666666666666667,0.8034006376195537,0.5,0.0,0.5478873522242578,54.79
S0041,Small,Medium,Medium,Normal,PersonalCare,36,12,26,3073,0.7586479960374547,0.5263157894736842,0.8666666666666667,0.6769394261424017,0.5,0.0,0.6184838991220862,61.85
S0042,Large,Medium,Medium,Fragile,Beverages,23,9,27,3377,0.5781296526357756,0.3684210526315789,0.9,1.0,0.5,1.0,0.6610295889488372,66.1
S0043,Large,Heavy,Medium,Normal,Home,40,12,29,3192,0.8014581033947642,0.5263157894736842,0.9666666666666667,0.8034006376195537,0.5,0.0,0.6611135578448597,66.11
S0044,Small,Light,Low,Normal,Beverages,29,9,30,3377,0.6711877414712398,0.3684210526315789,1.0,1.0,0.2,0.0,0.5785999200412497,57.86
S0045,Small,Heavy,Low,Normal,Electronics,34,9,25,2436,0.7354735681192746,0.3684210526315789,0.8333333333333334,0.0,0.2,0.0,0.4760999593680619,47.61
S0046,Large,Medium,Low,Normal,PersonalCare,52,16,29,3073,0.9085185950517743,0.7368421052631579,0.9666666666666667,0.6769394261424017,0.2,0.0,0.6980438719349928,69.8
S0047,Medium,Light,High,Normal,Home,27,10,30,3192,0.6424154792838106,0.42105263157894735,1.0,0.8034006376195537,1.0,0.0,0.6393960078270785,63.94
S0048,Small,Medium,Low,Normal,Electronics,37,15,30,2436,0.7697695188932211,0.6842105263157895,1.0,0.0,0.2,0.0,0.5762614368757853,57.63
S0049,Medium,Light,Low,Hazardous,Electronics,33,12,22,2436,0.7233848262955236,0.5263157894736842,0.7333333333333333,0.0,0.2,0.0,0.4884478470981701,48.84
S0050,Medium,Heavy,High,Normal,Beverages,22,7,30,3377,0.5603809148566115,0.2631578947368421,1.0,1.0,1.0,0.0,0.5987648991471823,59.88
S0051,Medium,Light,High,Normal,Electronics,27,8,16,2436,0.6424154792838106,0.3157894736842105,0.5333333333333333,0.0,1.0,0.0,0.4680033124861759,46.8
S0052,Small,Light,Low,Chilled,PersonalCare,34,12,30,3073,0.7354735681192746,0.5263157894736842,1.0,0.6769394261424017,0.2,0.0,0.600372849350723,60.04
S0053,Medium,Light,Medium,Normal,PersonalCare,28,8,22,3073,0.6570496963029375,0.3157894736842105,0.7333333333333333,0.6769394261424017,0.5,0.0,0.5208192310571104,52.08
S0054,Small,Light,Low,Normal,Grocery,46,16,27,2945,0.8584145253682584,0.7368421052631579,0.9,0.5409139213602551,0.2,0.0,0.6569048970675475,65.69
S0055,Medium,Light,High,Normal,PersonalCare,20,7,28,3073,0.5224427366393611,0.2631578947368421,0.9333333333333333,0.6769394261424017,1.0,0.0,0.5431804793853849,54.32
S0056,Large,Medium,Low,Normal,Electronics,53,16,29,2436,0.9163138199826525,0.7368421052631579,0.9666666666666667,0.0,0.2,0.0,0.6330782580465599,63.31
S0057,Large,Light,Medium,Hazardous,PersonalCare,37,14,29,3073,0.7697695188932211,0.631578947368421,0.9666666666666667,0.6769394261424017,0.5,0.0,0.6584290637005519,65.84
S0058,Small,Light,High,Normal,Beverages,29,9,21,3377,0.6711877414712398,0.3684210526315789,0.7,1.0,1.0,0.0,0.6135999200412496,61.36
S0059,Large,Heavy,High,Chilled,Grocery,49,15,29,2945,0.8842185729511531,0.6842105263157895,0.9666666666666667,0.5409139213602551,1.0,0.0,0.7454099979320871,74.54
S0060,Large,Light,Low,Normal,Electronics,27,9,27,2436,0.6424154792838106,0.3684210526315789,0.9,0.0,0.2,0.0,0.4535296282756495,45.35
S0061,Medium,Heavy,Medium,Normal,Grocery,55,20,29,2945,0.9314803056016984,0.9473684210526315,0.9666666666666667,0.5409139213602551,0.5,0.0,0.7645831833071464,76.46
S0062,Small,Medium,Medium,Normal,Electronics,19,9,25,2436,0.5020956577978013,0.3684210526315789,0.8333333333333334,0.0,0.5,0.0,0.4244176907555462,42.44
S0063,Medium,Light,Medium,Normal,Beverages,15,8,27,3377,0.4090375689623374,0.3157894736842105,0.9,1.0,0.5,0.0,0.4913210438736602,49.13
S0064,Medium,Heavy,Low,Normal,Grocery,20,5,30,2945,0.5224427366393611,0.15789473684210525,1.0,0.5409139213602551,0.2,0.0,0.438525297328223,43.85
S0065,Medium,Heavy,Medium,Chilled,Home,26,10,30,3192,0.6272489936647647,0.42105263157894735,1.0,0.8034006376195537,0.5,0.0,0.5840877378604125,58.41
S0066,Medium,Medium,Low,Normal,Electronics,28,9,30,2436,0.6570496963029375,0.3684210526315789,1.0,0.0,0.2,0.0,0.47365160423234387,47.37
S0067,Medium,Light,Medium,Hazardous,Home,38,12,29,3192,0.7806021381063809,0.5263157894736842,0.9666666666666667,0.8034006376195537,0.5,0.0,0.6538139699939255,65.38
S0068,Medium,Light,Medium,Normal,Grocery,31,10,26,2945,0.6981023952802253,0.42105263157894735,0.8666666666666667,0.5409139213602551,0.5,0.0,0.5626377567998939,56.26
S0069,Medium,Heavy,Medium,Chilled,Home,24,8,29,3192,0.5951537466332653,0.3157894736842105,0.9666666666666667,0.8034006376195537,0.5,0.0,0.5468017698204404,54.68
S0070,Small,Light,Medium,Fragile,Home,27,8,27,3192,0.6424154792838106,0.3157894736842105,0.9,0.8034006376195537,0.5,1.0,0.6533433762481312,65.33
S0071,Large,Heavy,Low,Fragile,Grocery,39,13,29,2945,0.7911604841156893,0.5789473684210527,0.9666666666666667,0.5409139213602551,0.2,1.0,0.7117870352607273,71.18
S0072,Medium,Light,Medium,Fragile,Beverages,26,12,30,3377,0.6272489936647647,0.5263157894736842,1.0,1.0,0.5,1.0,0.7248003056774045,72.48
S0073,Medium,Heavy,Medium,Fragile,Home,37,11,27,3192,0.7697695188932211,0.47368421052631576,0.9,0.8034006376195537,0.5,1.0,0.7294962374798459,72.95
S0074,Medium,Light,Low,Normal,Home,37,14,28,3192,0.7697695188932211,0.631578947368421,0.9333333333333333,0.8034006376195537,0.2,0.0,0.636075184848267,63.61
S0075,Medium,Medium,Medium,Normal,Beverages,20,6,30,3377,0.5224427366393611,0.21052631578947367,1.0,1.0,0.5,0.0,0.5249602209816712,52.5
S0076,Medium,Light,Medium,Normal,Home,28,10,29,3192,0.6570496963029375,0.42105263157894735,0.9666666666666667,0.8034006376195537,0.5,0.0,0.589517983783773,58.95
S0077,Medium,Light,Low,Chilled,Home,61,21,30,3192,0.9739269860153769,1.0,1.0,0.8034006376195537,0.2,0.0,0.7912145088673374,79.12
S0078,Large,Medium,Medium,Normal,Home,34,10,30,3192,0.7354735681192746,0.42105263157894735,1.0,0.8034006376195537,0.5,0.0,0.6219663389194909,62.2
S0079,Large,Light,High,Fragile,PersonalCare,19,7,29,3073,0.5020956577978013,0.2631578947368421,0.9666666666666667,0.6769394261424017,1.0,1.0,0.641059001790839,64.11
S0080,Medium,Medium,Low,Normal,Beverages,47,15,28,3377,0.8671944789536636,0.6842105263157895,0.9333333333333333,1.0,0.2,0.0,0.7003601728969402,70.04
S0081,Large,Light,Medium,Normal,Home,24,8,29,3192,0.5951537466332653,0.3157894736842105,0.9666666666666667,0.8034006376195537,0.5,0.0,0.5468017698204404,54.68
S0082,Small,Heavy,Medium,Normal,Beverages,31,10,21,3377,0.6981023952802253,0.42105263157894735,0.7,1.0,0.5,0.0,0.5835463646638683,58.35
S0083,Medium,Heavy,High,Normal,Electronics,24,8,29,2436,0.5951537466332653,0.3157894736842105,0.9666666666666667,0.0,1.0,0.0,0.516461706058485,51.65
S0084,Small,Light,Low,Normal,Electronics,24,9,27,2436,0.5951537466332653,0.3684210526315789,0.9,0.0,0.2,0.0,0.43698802184795865,43.7
S0085,Small,Light,Medium,Normal,Home,32,9,29,3192,0.7109351736821122,0.3684210526315789,0.9666666666666667,0.8034006376195537,0.5,0.0,0.5978515850770104,59.79
S0086,Medium,Light,Medium,Normal,Beverages,36,14,27,3377,0.7586479960374547,0.631578947368421,0.9,1.0,0.5,0.0,0.6768425880867933,67.68
S0087,Large,Heavy,Low,Normal,Beverages,39,12,28,3377,0.7911604841156893,0.5263157894736842,0.9333333333333333,1.0,0.2,0.0,0.642169327335228,64.22
S0088,Small,Light,Low,Normal,Beverages,48,16,26,3377,0.8757933896052839,0.7368421052631579,0.8666666666666667,1.0,0.2,0.0,0.7038961074144809,70.39
S0089,Medium,Heavy,High,Normal,PersonalCare,50,16,29,3073,0.892476909968962,0.7368421052631579,0.9666666666666667,0.6769394261424017,1.0,0.0,0.7724292821560085,77.24
S0090,Small,Medium,Medium,Fragile,Electronics,26,9,26,2436,0.6272489936647647,0.3684210526315789,0.8666666666666667,0.0,0.5,1.0,0.5732213583089835,57.32
S0091,Small,Heavy,Medium,Normal,Beverages,20,7,24,3377,0.5224427366393611,0.2631578947368421,0.8,1.0,0.5,0.0,0.5054865367711449,50.55
S0092,Small,Heavy,Low,Normal,Beverages,35,13,30,3377,0.7472217363092142,0.5789473684210527,1.0,1.0,0.2,0.0,0.6473170813924355,64.73
S0093,Small,Medium,High,Normal,PersonalCare,35,12,29,3073,0.7472217363092142,0.5263157894736842,0.9666666666666667,0.6769394261424017,1.0,0.0,0.6794847082172019,67.95
S0094,Large,Heavy,Medium,Normal,PersonalCare,37,12,30,3073,0.7697695188932211,0.5263157894736842,1.0,0.6769394261424017,0.5,0.0,0.6423764321216043,64.24
S0095,Small,Light,Low,Normal,Beverages,39,16,25,3377,0.7911604841156893,0.7368421052631579,0.8333333333333334,1.0,0.2,0.0,0.6692745904931228,66.93
S0096,Small,Light,Low,Normal,Grocery,21,7,28,2945,0.5418430900086738,0.2631578947368421,0.9333333333333333,0.5409139213602551,0.2,0.0,0.45636805258642976,45.64
S0097,Small,Heavy,Medium,Normal,Beverages,17,6,30,3377,0.45815690999132624,0.21052631578947367,1.0,1.0,0.5,0.0,0.502460181654859,50.25
S0098,Large,Light,Low,Normal,Beverages,11,3,13,3377,0.28906482631788794,0.05263157894736842,0.43333333333333335,1.0,0.2,0.0,0.2966990050007345,29.67
S0099,Small,Heavy,High,Normal,PersonalCare,13,5,30,3073,0.3533506529659227,0.15789473684210525,1.0,0.6769394261424017,1.0,0.0,0.47294561852073413,47.29
S0100,Small,Light,Low,Chilled,PersonalCare,24,8,26,3073,0.5951537466332653,0.3157894736842105,0.8666666666666667,0.6769394261424017,0.2,0.0,0.48915564867272515,48.92
S0101,Large,Light,High,Fragile,Beverages,22,7,29,3377,0.5603809148566115,0.2631578947368421,0.9666666666666667,1.0,1.0,1.0,0.6937648991471823,69.38
S0102,Large,Heavy,Medium,Normal,Beverages,23,7,27,3377,0.5781296526357756,0.2631578947368421,0.9,1.0,0.5,0.0,0.5399769573698899,54.0
S0103,Large,Light,Low,Normal,Beverages,23,7,27,3377,0.5781296526357756,0.2631578947368421,0.9,1.0,0.2,0.0,0.5099769573698899,51.0
S0104,Small,Heavy,High,Normal,PersonalCare,31,10,28,3073,0.6981023952802253,0.42105263157894735,0.9333333333333333,0.6769394261424017,1.0,0.0,0.6362403072781085,63.62
S0105,Large,Light,Medium,Normal,Beverages,57,19,28,3377,0.9461145226208255,0.8947368421052632,0.9333333333333333,1.0,0.5,0.0,0.8000874513383416,80.01
S0106,Large,Light,Low,Hazardous,Beverages,32,9,22,3377,0.7109351736821122,0.3684210526315789,0.7333333333333333,1.0,0.2,0.0,0.5525115213150551,55.25
S0107,Small,Medium,Low,Normal,Home,26,12,30,3192,0.6272489936647647,0.5263157894736842,1.0,0.8034006376195537,0.2,0.0,0.5751403694393599,57.51
S0108,Large,Medium,Medium,Normal,Grocery,24,9,24,2945,0.5951537466332653,0.3684210526315789,0.8,0.5409139213602551,0.5,0.0,0.5060794139839841,50.61
S0109,Small,Heavy,Medium,Normal,Electronics,31,10,29,2436,0.6981023952802253,0.42105263157894735,0.9666666666666667,0.0,0.5,0.0,0.5235463646638684,52.35
S0110,Medium,Medium,Medium,Fragile,Grocery,32,10,26,2945,0.7109351736821122,0.42105263157894735,0.8666666666666667,0.5409139213602551,0.5,1.0,0.6671292292405543,66.71
S0111,Large,Heavy,Medium,Normal,Home,36,15,29,3192,0.7586479960374547,0.6842105263157895,0.9666666666666667,0.8034006376195537,0.5,0.0,0.6777089676382224,67.77
S0112,Medium,Medium,Medium,Normal,Electronics,38,11,27,2436,0.7806021381063809,0.47368421052631576,0.9,0.0,0.5,0.0,0.5529475904424965,55.29
S0113,Small,Light,High,Normal,Beverages,38,12,26,3377,0.7806021381063809,0.5263157894736842,0.8666666666666667,1.0,1.0,0.0,0.70847390623197,70.85
S0114,Large,Heavy,Low,Normal,Home,34,10,27,3192,0.7354735681192746,0.42105263157894735,0.9,0.8034006376195537,0.2,0.0,0.5769663389194909,57.7
S0115,Small,Heavy,Medium,Normal,Beverages,42,11,29,3377,0.8213205425636243,0.47368421052631576,0.9666666666666667,1.0,0.5,0.0,0.6771990320025316,67.72
S0116,Medium,Light,Medium,Normal,PersonalCare,29,10,25,3073,0.6711877414712398,0.42105263157894735,0.8333333333333334,0.6769394261424017,0.5,0.0,0.5618201784449637,56.18
S0117,Small,Heavy,Medium,Normal,Home,7,4,28,3192,0.11997274264444946,0.10526315789473684,0.9333333333333333,0.8034006376195537,0.5,0.0,0.33338315526646006,33.34
S0118,Large,Heavy,Low,Normal,PersonalCare,14,5,30,3073,0.38212291515335184,0.15789473684210525,1.0,0.6769394261424017,0.2,0.0,0.4030159102863344,40.3
S0119,Large,Medium,High,Normal,Home,16,6,30,3192,0.4343199999776358,0.21052631578947367,1.0,0.8034006376195537,1.0,0.0,0.5244573269120226,52.45
S0120,Medium,Heavy,Medium,Normal,Home,30,8,26,3192,0.684862159697489,0.3157894736842105,0.8666666666666667,0.8034006376195537,0.5,0.0,0.5631997143929186,56.32
S0121,Small,Light,Medium,Normal,PersonalCare,20,8,30,3073,0.5224427366393611,0.3157894736842105,1.0,0.6769394261424017,0.5,0.0,0.5137067951748586,51.37
S0122,Large,Medium,Medium,Normal,Electronics,36,10,24,2436,0.7586479960374547,0.42105263157894735,0.8,0.0,0.5,0.0,0.5197373249288986,51.97
S0123,Medium,Medium,High,Fragile,Grocery,24,10,29,2945,0.5951537466332653,0.42105263157894735,0.9666666666666667,0.5409139213602551,1.0,1.0,0.6916057297734578,69.16
S0124,Large,Light,Low,Normal,Beverages,16,4,19,3377,0.4343199999776358,0.10526315789473684,0.6333333333333333,1.0,0.2,0.0,0.3880646315711199,38.81
S0125,Large,Light,Low,Normal,Home,52,18,30,3192,0.9085185950517743,0.8421052631578947,1.0,0.8034006376195537,0.2,0.0,0.7367426246616553,73.67
S0126,Small,Medium,Medium,Normal,Beverages,25,8,24,3377,0.6115100544329425,0.3157894736842105,0.8,1.0,0.5,0.0,0.547186413788372,54.72
S0127,Large,Heavy,Medium,Normal,PersonalCare,22,8,26,3073,0.5603809148566115,0.3157894736842105,0.8666666666666667,0.6769394261424017,0.5,0.0,0.5069851575508962,50.7
S0128,Small,Medium,Low,Fragile,Beverages,58,20,30,3377,0.953243455044697,0.9473684210526315,1.0,1.0,0.2,1.0,0.8931088934761703,89.31
S0129,Large,Light,Low,Normal,PersonalCare,20,7,25,3073,0.5224427366393611,0.2631578947368421,0.8333333333333334,0.6769394261424017,0.2,0.0,0.448180479385385,44.82
S0130,Medium,Medium,High,Chilled,Beverages,28,8,29,3377,0.6570496963029375,0.3157894736842105,0.9666666666666667,1.0,1.0,0.0,0.6381252884428702,63.81
S0131,Large,Light,Medium,Normal,Grocery,45,13,29,2945,0.8494457411744994,0.5789473684210527,0.9666666666666667,0.5409139213602551,0.5,0.0,0.6621868752313109,66.22
S0132,Small,Medium,Medium,Normal,Grocery,33,10,30,2945,0.7233848262955236,0.42105263157894735,1.0,0.5409139213602551,0.5,0.0,0.5914866076552483,59.15
S0133,Small,Heavy,Medium,Fragile,Grocery,33,11,30,2945,0.7233848262955236,0.47368421052631576,1.0,0.5409139213602551,0.5,1.0,0.702012923444722,70.2
S0134,Medium,Medium,Low,Chilled,Grocery,34,13,28,2945,0.7354735681192746,0.5789473684210527,0.9333333333333333,0.5409139213602551,0.2,0.0,0.5872966146619821,58.73
S0135,Large,Medium,Low,Fragile,Grocery,58,14,26,2945,0.953243455044697,0.631578947368421,0.8666666666666667,0.5409139213602551,0.2,1.0,0.7640423908753536,76.4
S0136,Large,Light,Low,Fragile,Grocery,24,7,24,2945,0.5951537466332653,0.2631578947368421,0.8,0.5409139213602551,0.2,1.0,0.5550267824050368,55.5
S0137,Medium,Light,Medium,Normal,PersonalCare,21,7,28,3073,0.5418430900086738,0.2631578947368421,0.9333333333333333,0.6769394261424017,0.5,0.0,0.49997060306464436,50.0
S0138,Large,Light,High,Fragile,Home,44,12,29,3192,0.840279825144678,0.5263157894736842,0.9666666666666667,0.8034006376195537,1.0,1.0,0.8247011604573294,82.47
S0139,Large,Medium,Low,Normal,Beverages,39,14,29,3377,0.7911604841156893,0.631578947368421,0.9666666666666667,1.0,0.2,0.0,0.6682219589141755,66.82
S0140,Small,Heavy,Low,Chilled,Grocery,23,7,21,2945,0.5781296526357756,0.2631578947368421,0.7,0.5409139213602551,0.2,0.0,0.43406834950591544,43.41
S0141,Large,Light,High,Normal,PersonalCare,47,16,30,3073,0.8671944789536636,0.7368421052631579,1.0,0.6769394261424017,1.0,0.0,0.768580431300654,76.86
S0142,Large,Light,Low,Fragile,PersonalCare,27,9,26,3073,0.6424154792838106,0.3684210526315789,0.8666666666666667,0.6769394261424017,0.2,1.0,0.6162235708898897,61.62
S0143,Medium,Medium,Low,Normal,PersonalCare,21,6,30,3073,0.5418430900086738,0.21052631578947367,1.0,0.6769394261424017,0.2,0.0,0.46944428727517074,46.94
S0144,Medium,Light,Medium,Normal,Home,42,12,27,3192,0.8213205425636243,0.5263157894736842,0.9,0.8034006376195537,0.5,0.0,0.6580654115539607,65.81
S0145,Small,Heavy,Medium,Normal,Beverages,33,10,30,3377,0.7233848262955236,0.42105263157894735,1.0,1.0,0.5,0.0,0.6373952155192227,63.74
S0146,Large,Heavy,Medium,Fragile,Home,28,9,19,3192,0.6570496963029375,0.3684210526315789,0.6333333333333333,0.8034006376195537,0.5,1.0,0.6289916679942993,62.9
S0147,Large,Light,High,Normal,Electronics,40,12,29,2436,0.8014581033947642,0.5263157894736842,0.9666666666666667,0.0,1.0,0.0,0.6307734940829043,63.08
S0148,Large,Light,Medium,Normal,PersonalCare,18,5,29,3073,0.4807046925753332,0.15789473684210525,0.9666666666666667,0.6769394261424017,0.5,0.0,0.46251953238402777,46.25
S0149,Small,Medium,Low,Normal,Electronics,37,11,27,2436,0.7697695188932211,0.47368421052631576,0.9,0.0,0.2,0.0,0.5191561737178906,51.92
S0150,Small,Heavy,High,Normal,Grocery,25,10,30,2945,0.6115100544329425,0.42105263157894735,1.0,0.5409139213602551,1.0,0.0,0.6023304375033448,60.23
S0151,Medium,Heavy,Medium,Chilled,Grocery,16,4,26,2945,0.4343199999776358,0.10526315789473684,0.8666666666666667,0.5409139213602551,0.5,0.0,0.4071560237071454,40.72
S0152,Small,Light,Medium,Normal,Home,37,10,29,3192,0.7697695188932211,0.42105263157894735,0.9666666666666667,0.8034006376195537,0.5,0.0,0.6289699216903722,62.9
S0153,Large,Medium,Medium,Hazardous,Beverages,16,5,28,3377,0.4343199999776358,0.15789473684210525,0.9333333333333333,1.0,0.5,0.0,0.47359094736059354,47.36
S0154,Large,Heavy,Low,Normal,Electronics,33,13,30,2436,0.7233848262955236,0.5789473684210527,1.0,0.0,0.2,0.0,0.5389741628876438,53.9
S0155,Small,Heavy,Medium,Normal,Beverages,17,8,13,3377,0.45815690999132624,0.3157894736842105,0.43333333333333335,1.0,0.5,0.0,0.43851281323380625,43.85
S0156,Large,Medium,Medium,Fragile,Home,31,12,25,3192,0.6981023952802253,0.5263157894736842,0.8333333333333334,0.8034006376195537,0.5,1.0,0.704939060004771,70.49
S0157,Large,Medium,Low,Normal,Grocery,22,8,29,2945,0.5603809148566115,0.3157894736842105,0.9666666666666667,0.5409139213602551,0.2,0.0,0.47838260707268165,47.84
S0158,Small,Heavy,Medium,Normal,Beverages,54,13,30,3377,0.9239660051620258,0.5789473684210527,1.0,1.0,0.5,0.0,0.7391775754909196,73.92
S0159,Small,Heavy,Medium,Normal,Beverages,30,9,29,3377,0.684862159697489,0.3684210526315789,0.9666666666666667,1.0,0.5,0.0,0.608385966420437,60.84
S0160,Large,Medium,Medium,Fragile,Grocery,26,10,30,2945,0.6272489936647647,0.42105263157894735,1.0,0.5409139213602551,0.5,1.0,0.6578390662344826,65.78
S0161,Large,Heavy,High,Normal,Electronics,24,9,25,2436,0.5951537466332653,0.3684210526315789,0.8333333333333334,0.0,1.0,0.0,0.5069880218479587,50.7
S0162,Large,Light,High,Hazardous,Grocery,10,4,26,2945,0.25277826369078604,0.10526315789473684,0.8666666666666667,0.5409139213602551,1.0,0.0,0.393616416006748,39.36
S0163,Medium,Light,Medium,Hazardous,Beverages,36,11,25,3377,0.7586479960374547,0.47368421052631576,0.8333333333333334,1.0,0.5,0.0,0.6352636407183724,63.53
S0164,Medium,Medium,Medium,Normal,Electronics,40,13,29,2436,0.8014581033947642,0.5789473684210527,0.9666666666666667,0.0,0.5,0.0,0.5912998098723781,59.13
S0165,Medium,Medium,Low,Normal,Electronics,40,14,30,2436,0.8014581033947642,0.631578947368421,1.0,0.0,0.2,0.0,0.5768261256618517,57.68
S0166,Small,Medium,Medium,Normal,Grocery,44,12,28,2945,0.840279825144678,0.5263157894736842,0.9333333333333333,0.5409139213602551,0.5,0.0,0.6434524888313997,64.35
S0167,Medium,Light,Medium,Normal,Beverages,31,9,28,3377,0.6981023952802253,0.3684210526315789,0.9333333333333333,1.0,0.5,0.0,0.6080200488743946,60.8
S0168,Small,Heavy,Medium,Normal,Home,37,11,22,3192,0.7697695188932211,0.47368421052631576,0.7333333333333333,0.8034006376195537,0.5,0.0,0.6044962374798459,60.45
S0169,Small,Light,High,Normal,Beverages,29,9,30,3377,0.6711877414712398,0.3684210526315789,1.0,1.0,1.0,0.0,0.6585999200412497,65.86
S0170,Medium,Heavy,Medium,Normal,PersonalCare,38,12,28,3073,0.7806021381063809,0.5263157894736842,0.9333333333333333,0.6769394261424017,0.5,0.0,0.6361678488462104,63.62
S0171,Medium,Light,High,Chilled,Home,22,7,22,3192,0.5603809148566115,0.2631578947368421,0.7333333333333333,0.8034006376195537,1.0,0.0,0.5391049629091378,53.91
S0172,Medium,Heavy,Low,Fragile,Electronics,28,11,29,2436,0.6570496963029375,0.47368421052631576,0.9666666666666667,0.0,0.2,1.0,0.5897042358112913,58.97
S0173,Large,Light,High,Fragile,Home,37,12,30,3192,0.7697695188932211,0.5263157894736842,1.0,0.8034006376195537,1.0,1.0,0.8050225532693195,80.5
S0174,Medium,Medium,Medium,Normal,Electronics,14,5,25,2436,0.38212291515335184,0.15789473684210525,0.8333333333333334,0.0,0.5,0.0,0.34032196767209416,34.03
S0175,Large,Light,High,Normal,Electronics,39,15,28,2436,0.7911604841156893,0.6842105263157895,0.9333333333333333,0.0,1.0,0.0,0.6537482747036492,65.37
S0176,Small,Heavy,Low,Normal,Home,24,9,27,3192,0.5951537466332653,0.3684210526315789,0.9,0.8034006376195537,0.2,0.0,0.5173280856099141,51.73
S0177,Large,Light,Medium,Hazardous,Electronics,31,10,30,2436,0.6981023952802253,0.42105263157894735,1.0,0.0,0.5,0.0,0.5285463646638684,52.85
S0178,Medium,Light,Medium,Normal,Electronics,29,10,29,2436,0.6711877414712398,0.42105263157894735,0.9666666666666667,0.0,0.5,0.0,0.5141262358307235,51.41
S0179,Small,Light,High,Chilled,PersonalCare,27,8,18,3073,0.6424154792838106,0.3157894736842105,0.6,0.6769394261424017,1.0,0.0,0.545697255100416,54.57
S0180,Small,Medium,Low,Normal,Beverages,38,11,30,3377,0.7806021381063809,0.47368421052631576,1.0,1.0,0.2,0.0,0.6379475904424965,63.79
S0181,Small,Light,Medium,Normal,Beverages,28,7,28,3377,0.6570496963029375,0.2631578947368421,0.9333333333333333,1.0,0.5,0.0,0.5725989726533965,57.26
S0182,Large,Medium,Low,Fragile,PersonalCare,19,6,28,3073,0.5020956577978013,0.21052631578947367,0.9333333333333333,0.6769394261424017,0.2,1.0,0.5455326860013654,54.55
S0183,Medium,Medium,Medium,Normal,Home,38,10,27,3192,0.7806021381063809,0.42105263157894735,0.9,0.8034006376195537,0.5,0.0,0.6227613384149782,62.28
S0184,Small,Light,High,Chilled,Grocery,34,11,28,2945,0.7354735681192746,0.47368421052631576,0.9333333333333333,0.5409139213602551,1.0,0.0,0.6462439830830348,64.62
S0185,Small,Light,High,Chilled,Grocery,20,6,28,2945,0.5224427366393611,0.21052631578947367,0.9333333333333333,0.5409139213602551,1.0,0.0,0.5190516131176967,51.91
S0186,Small,Light,Medium,Normal,Grocery,50,13,29,2945,0.892476909968962,0.5789473684210527,0.9666666666666667,0.5409139213602551,0.5,0.0,0.6772477843093728,67.72
S0187,Large,Heavy,Medium,Normal,PersonalCare,38,12,27,3073,0.7806021381063809,0.5263157894736842,0.9,0.6769394261424017,0.5,0.0,0.6311678488462105,63.12
S0188,Large,Light,High,Normal,PersonalCare,27,11,26,3073,0.6424154792838106,0.47368421052631576,0.8666666666666667,0.6769394261424017,1.0,0.0,0.6172762024688371,61.73
S0189,Medium,Medium,Low,Chilled,Electronics,31,10,30,2436,0.6981023952802253,0.42105263157894735,1.0,0.0,0.2,0.0,0.49854636466386837,49.85
S0190,Large,Light,Medium,Normal,Grocery,29,9,29,2945,0.6711877414712398,0.3684210526315789,0.9666666666666667,0.5409139213602551,0.5,0.0,0.5576913121772753,55.77
S0191,Small,Heavy,Medium,Normal,Home,30,12,27,3192,0.684862159697489,0.5263157894736842,0.9,0.8034006376195537,0.5,0.0,0.6103049775508134,61.03
S0192,Medium,Light,Medium,Normal,Home,37,12,29,3192,0.7697695188932211,0.5263157894736842,0.9666666666666667,0.8034006376195537,0.5,0.0,0.6500225532693196,65.0
S0193,Small,Heavy,Medium,Fragile,Grocery,28,9,28,2945,0.6570496963029375,0.3684210526315789,0.9333333333333333,0.5409139213602551,0.5,1.0,0.6477429963683694,64.77
S0194,Small,Heavy,Medium,Normal,Grocery,45,13,30,2945,0.8494457411744994,0.5789473684210527,1.0,0.5409139213602551,0.5,0.0,0.6671868752313109,66.72
S0195,Large,Light,High,Fragile,Grocery,18,7,22,2945,0.4807046925753332,0.2631578947368421,0.7333333333333333,0.5409139213602551,1.0,1.0,0.5849696134847605,58.5
S0196,Medium,Medium,High,Chilled,PersonalCare,35,12,27,3073,0.7472217363092142,0.5263157894736842,0.9,0.6769394261424017,1.0,0.0,0.6694847082172021,66.95
S0197,Large,Heavy,Low,Normal,PersonalCare,22,10,27,3073,0.5603809148566115,0.42105263157894735,0.9,0.6769394261424017,0.2,0.0,0.5030377891298436,50.3
S0198,Large,Light,Low,Normal,PersonalCare,31,9,29,3073,0.6981023952802253,0.3684210526315789,0.9666666666666667,0.6769394261424017,0.2,0.0,0.5507139914886348,55.07
S0199,Medium,Light,Medium,Hazardous,Beverages,16,9,30,3377,0.4343199999776358,0.3684210526315789,1.0,1.0,0.5,0.0,0.5256962105184884,52.57
S0200,Small,Medium,Medium,Normal,Home,41,11,25,3192,0.8115075629572489,0.47368421052631576,0.8333333333333334,0.8034006376195537,0.5,0.0,0.6341045529022556,63.41
S0201,Small,Heavy,Medium,Chilled,Home,32,11,28,3192,0.7109351736821122,0.47368421052631576,0.9333333333333333,0.8034006376195537,0.5,0.0,0.6139042166559578,61.39
S0202,Medium,Heavy,Medium,Normal,Electronics,27,9,29,2436,0.6424154792838106,0.3684210526315789,0.9666666666666667,0.0,0.5,0.0,0.49352962827564945,49.35
S0203,Small,Light,High,Normal,PersonalCare,33,12,27,3073,0.7233848262955236,0.5263157894736842,0.9,0.6769394261424017,1.0,0.0,0.6611417897124102,66.11
S0204,Medium,Light,High,Chilled,Beverages,44,13,29,3377,0.840279825144678,0.5789473684210527,0.9666666666666667,1.0,1.0,0.0,0.7548874124848478,75.49
S0205,Medium,Medium,Low,Normal,Beverages,30,13,29,3377,0.684862159697489,0.5789473684210527,0.9666666666666667,1.0,0.2,0.0,0.6204912295783317,62.05
S0206,Large,Medium,Medium,Normal,Home,24,7,30,3192,0.5951537466332653,0.2631578947368421,1.0,0.8034006376195537,0.5,0.0,0.5412754540309667,54.13
S0207,Medium,Heavy,High,Normal,PersonalCare,37,11,24,3073,0.7697695188932211,0.47368421052631576,0.8,0.6769394261424017,1.0,0.0,0.6518501163321307,65.19
S0208,Large,Heavy,Medium,Normal,Electronics,43,14,29,2436,0.8309079163265617,0.631578947368421,0.9666666666666667,0.0,0.5,0.0,0.6121335601879808,61.21
S0209,Small,Light,Medium,Normal,PersonalCare,23,6,25,3073,0.5781296526357756,0.21052631578947367,0.8333333333333334,0.6769394261424017,0.5,0.0,0.48714458419465634,48.71
S0210,Small,Heavy,Medium,Normal,Grocery,28,9,28,2945,0.6570496963029375,0.3684210526315789,0.9333333333333333,0.5409139213602551,0.5,0.0,0.5477429963683694,54.77
S0211,Small,Medium,High,Hazardous,PersonalCare,39,13,30,3073,0.7911604841156893,0.5789473684210527,1.0,0.6769394261424017,1.0,0.0,0.7103895857389418,71.04
S0212,Small,Medium,High,Normal,Grocery,8,6,22,2945,0.16909208367343828,0.21052631578947367,0.7333333333333333,0.5409139213602551,1.0,0.0,0.36537888457962364,36.54
S0213,Large,Light,Low,Normal,Grocery,28,9,24,2945,0.6570496963029375,0.3684210526315789,0.8,0.5409139213602551,0.2,0.0,0.4977429963683694,49.77
S0214,Small,Medium,High,Normal,Electronics,29,9,30,2436,0.6711877414712398,0.3684210526315789,1.0,0.0,1.0,0.0,0.5585999200412497,55.86
S0215,Medium,Medium,Medium,Fragile,Home,34,10,24,3192,0.7354735681192746,0.42105263157894735,0.8,0.8034006376195537,0.5,1.0,0.6919663389194909,69.2
S0216,Medium,Medium,Medium,Normal,PersonalCare,29,10,27,3073,0.6711877414712398,0.42105263157894735,0.9,0.6769394261424017,0.5,0.0,0.5718201784449637,57.18
S0217,Medium,Medium,High,Hazardous,Grocery,27,8,30,2945,0.6424154792838106,0.3157894736842105,1.0,0.5409139213602551,1.0,0.0,0.5920947046222014,59.21
S0218,Large,Light,Medium,Normal,PersonalCare,32,12,26,3073,0.7109351736821122,0.5263157894736842,0.8666666666666667,0.6769394261424017,0.5,0.0,0.6017844112977163,60.18
S0219,Small,Light,Low,Normal,Home,22,7,29,3192,0.5603809148566115,0.2631578947368421,0.9666666666666667,0.8034006376195537,0.2,0.0,0.49410496290913775,49.41
S0220,Small,Heavy,Low,Normal,Home,28,8,24,3192,0.6570496963029375,0.3157894736842105,0.8,0.8034006376195537,0.2,0.0,0.5134653522048256,51.35
S0221,Small,Medium,Low,Normal,Beverages,35,15,30,3377,0.7472217363092142,0.6842105263157895,1.0,1.0,0.2,0.0,0.6683697129713829,66.84
S0222,Large,Heavy,Medium,Normal,Home,26,9,29,3192,0.6272489936647647,0.3684210526315789,0.9666666666666667,0.8034006376195537,0.5,0.0,0.5685614220709388,56.86
S0223,Medium,Light,Medium,Normal,Electronics,36,13,30,2436,0.7586479960374547,0.5789473684210527,1.0,0.0,0.5,0.0,0.5813162722973197,58.13
S0224,Medium,Light,Medium,Fragile,Grocery,17,5,29,2945,0.45815690999132624,0.15789473684210525,0.9666666666666667,0.5409139213602551,0.5,1.0,0.5410252580014108,54.1
S0225,Small,Light,Medium,Normal,Beverages,41,12,30,3377,0.8115075629572489,0.5263157894736842,1.0,1.0,0.5,0.0,0.6892908049297739,68.93
S0226,Medium,Light,Low,Normal,Electronics,36,11,27,2436,0.7586479960374547,0.47368421052631576,0.9,0.0,0.2,0.0,0.5152636407183723,51.53
S0227,Medium,Light,High,Normal,PersonalCare,45,12,29,3073,0.8494457411744994,0.5263157894736842,0.9666666666666667,0.6769394261424017,1.0,0.0,0.7152631099200518,71.53
S0228,Large,Light,High,Fragile,Grocery,37,13,25,2945,0.7697695188932211,0.5789473684210527,0.8333333333333334,0.5409139213602551,1.0,1.0,0.7643001974328634,76.43
S0229,Large,Light,Medium,Normal,Home,34,10,23,3192,0.7354735681192746,0.42105263157894735,0.7666666666666667,0.8034006376195537,0.5,0.0,0.5869663389194909,58.7
S0230,Large,Medium,High,Normal,Grocery,14,6,26,2945,0.38212291515335184,0.21052631578947367,0.8666666666666667,0.5409139213602551,1.0,0.0,0.4599396755975934,45.99
S0231,Large,Heavy,High,Normal,PersonalCare,27,12,28,3073,0.6424154792838106,0.5263157894736842,0.9333333333333333,0.6769394261424017,1.0,0.0,0.6378025182583106,63.78
S0232,Small,Light,Medium,Fragile,Beverages,31,9,30,3377,0.6981023952802253,0.3684210526315789,1.0,1.0,0.5,1.0,0.7180200488743946,71.8
S0233,Large,Medium,Medium,Normal,Beverages,22,7,22,3377,0.5603809148566115,0.2631578947368421,0.7333333333333333,1.0,0.5,0.0,0.5087648991471825,50.88
S0234,Medium,Medium,Low,Normal,Beverages,55,18,30,3377,0.9314803056016984,0.8421052631578947,1.0,1.0,0.2,0.0,0.7644391595921733,76.44
S0235,Small,Heavy,Low,Fragile,Home,47,15,28,3192,0.8671944789536636,0.6842105263157895,0.9333333333333333,0.8034006376195537,0.2,1.0,0.7807002366588955,78.07
S0236,Medium,Light,Medium,Fragile,Electronics,22,7,19,2436,0.5603809148566115,0.2631578947368421,0.6333333333333333,0.0,0.5,1.0,0.49376489914718236,49.38
S0237,Medium,Heavy,Medium,Normal,Electronics,16,7,30,2436,0.4343199999776358,0.2631578947368421,1.0,0.0,0.5,0.0,0.4046435789395409,40.46
S0238,Medium,Light,Medium,Chilled,Grocery,8,5,17,2945,0.16909208367343828,0.15789473684210525,0.5666666666666667,0.5409139213602551,0.5,0.0,0.27985256879014997,27.99
S0239,Large,Medium,Medium,Normal,Home,26,9,29,3192,0.6272489936647647,0.3684210526315789,0.9666666666666667,0.8034006376195537,0.5,0.0,0.5685614220709388,56.86
S0240,Large,Medium,Medium,Normal,Beverages,27,8,27,3377,0.6424154792838106,0.3157894736842105,0.9,1.0,0.5,0.0,0.5730033124861759,57.3
S0241,Small,Medium,Medium,Normal,Beverages,30,8,27,3377,0.684862159697489,0.3157894736842105,0.9,1.0,0.5,0.0,0.5878596506309632,58.79
S0242,Small,Medium,Medium,Normal,PersonalCare,16,10,28,3073,0.4343199999776358,0.42105263157894735,0.9333333333333333,0.6769394261424017,0.5,0.0,0.4939164689222021,49.39
S0243,Large,Heavy,Medium,Normal,PersonalCare,29,8,30,3073,0.6711877414712398,0.3157894736842105,1.0,0.6769394261424017,0.5,0.0,0.5657675468660162,56.58
S0244,Medium,Light,Medium,Chilled,Beverages,31,10,27,3377,0.6981023952802253,0.42105263157894735,0.9,1.0,0.5,0.0,0.6135463646638684,61.35
S0245,Small,Light,Medium,Normal,Beverages,50,15,28,3377,0.892476909968962,0.6842105263157895,0.9333333333333333,1.0,0.5,0.0,0.7392090237522946,73.92
S0246,Large,Heavy,Low,Normal,Home,19,7,27,3192,0.5020956577978013,0.2631578947368421,0.9,0.8034006376195537,0.2,0.0,0.46370512293855426,46.37
S0247,Large,Light,Low,Normal,Electronics,15,7,26,2436,0.4090375689623374,0.2631578947368421,0.8666666666666667,0.0,0.2,0.0,0.34579472808418654,34.58
S0248,Large,Medium,High,Chilled,PersonalCare,5,2,12,3073,0.0,0.0,0.4,0.6769394261424017,1.0,0.0,0.22769394261424017,22.77
S0249,Medium,Light,Low,Normal,Electronics,33,13,30,2436,0.7233848262955236,0.5789473684210527,1.0,0.0,0.2,0.0,0.5389741628876438,53.9
S0250,Large,Medium,Medium,Normal,Home,46,15,29,3192,0.8584145253682584,0.6842105263157895,0.9666666666666667,0.8034006376195537,0.5,0.0,0.7126272529040037,71.26
S0251,Large,Heavy,Low,Normal,Beverages,32,11,30,3377,0.7109351736821122,0.47368421052631576,1.0,1.0,0.2,0.0,0.6135641528940025,61.36
S0252,Large,Light,Low,Normal,Electronics,25,7,20,2436,0.6115100544329425,0.2631578947368421,0.6666666666666666,0.0,0.2,0.0,0.3866600979988983,38.67
S0253,Large,Heavy,Medium,Hazardous,Beverages,43,15,29,3377,0.8309079163265617,0.6842105263157895,0.9666666666666667,1.0,0.5,0.0,0.7226598759774545,72.27
S0254,Small,Light,High,Hazardous,Beverages,36,13,27,3377,0.7586479960374547,0.5789473684210527,0.9,1.0,1.0,0.0,0.7163162722973196,71.63
S0255,Small,Medium,Medium,Normal,Grocery,22,8,27,2945,0.5603809148566115,0.3157894736842105,0.9,0.5409139213602551,0.5,0.0,0.4983826070726816,49.84
S0256,Large,Heavy,Medium,Hazardous,Electronics,28,10,30,2436,0.6570496963029375,0.42105263157894735,1.0,0.0,0.5,0.0,0.5141779200218176,51.42
S0257,Medium,Light,Medium,Normal,Electronics,50,17,29,2436,0.892476909968962,0.7894736842105263,0.9666666666666667,0.0,0.5,0.0,0.665261655331242,66.53
S0258,Small,Medium,Medium,Chilled,Beverages,21,8,26,3377,0.5418430900086738,0.3157894736842105,0.8666666666666667,1.0,0.5,0.0,0.5328029762398779,53.28
S0259,Large,Heavy,High,Normal,Home,36,10,29,3192,0.7586479960374547,0.42105263157894735,0.9666666666666667,0.8034006376195537,1.0,0.0,0.6750773886908539,67.51
S0260,Small,Heavy,Low,Normal,Grocery,43,13,27,2945,0.8309079163265617,0.5789473684210527,0.9,0.5409139213602551,0.2,0.0,0.6156986365345327,61.57
S0261,Small,Light,Low,Normal,Beverages,12,5,17,3377,0.3224452281150547,0.15789473684210525,0.5666666666666667,1.0,0.2,0.0,0.3494347772086902,34.94
S0262,Medium,Light,Medium,Normal,PersonalCare,19,7,30,3073,0.5020956577978013,0.2631578947368421,1.0,0.6769394261424017,0.5,0.0,0.496059001790839,49.61
S0263,Large,Light,High,Normal,PersonalCare,26,7,30,3073,0.6272489936647647,0.2631578947368421,1.0,0.6769394261424017,1.0,0.0,0.5898626693442762,58.99
S0264,Large,Medium,Medium,Normal,Grocery,24,7,30,2945,0.5951537466332653,0.2631578947368421,1.0,0.5409139213602551,0.5,0.0,0.5150267824050369,51.5
S0265,Medium,Light,High,Normal,Home,19,9,26,3192,0.5020956577978013,0.3684210526315789,0.8666666666666667,0.8034006376195537,1.0,0.0,0.5597577545175015,55.98
S0266,Medium,Heavy,Low,Fragile,Beverages,56,16,30,3377,0.9388616025666596,0.7368421052631579,1.0,1.0,0.2,1.0,0.8459699819509624,84.6
S0267,Large,Heavy,High,Normal,Electronics,21,6,22,2436,0.5418430900086738,0.21052631578947367,0.7333333333333333,0.0,1.0,0.0,0.44175034466093055,44.18
S0268,Large,Light,Medium,Normal,Grocery,39,12,30,2945,0.7911604841156893,0.5263157894736842,1.0,0.5409139213602551,0.5,0.0,0.6362607194712536,63.63
S0269,Medium,Light,Medium,Hazardous,Home,20,7,29,3192,0.5224427366393611,0.2631578947368421,0.9666666666666667,0.8034006376195537,0.5,0.0,0.5108266005331003,51.08
S0270,Small,Heavy,Medium,Normal,Electronics,36,14,29,2436,0.7586479960374547,0.631578947368421,0.9666666666666667,0.0,0.5,0.0,0.5868425880867933,58.68
S0271,Small,Medium,Medium,Normal,PersonalCare,63,21,29,3073,0.9871672215981131,1.0,0.9666666666666667,0.6769394261424017,0.5,0.0,0.8082024701735799,80.82
S0272,Medium,Light,Low,Normal,PersonalCare,40,11,29,3073,0.8014581033947642,0.47368421052631576,0.9666666666666667,0.6769394261424017,0.2,0.0,0.6079411209076708,60.79
S0273,Small,Light,Medium,Chilled,Electronics,45,14,28,2436,0.8494457411744994,0.631578947368421,0.9333333333333333,0.0,0.5,0.0,0.613621798884759,61.36
S0274,Medium,Heavy,High,Normal,Grocery,32,10,30,2945,0.7109351736821122,0.42105263157894735,1.0,0.5409139213602551,1.0,0.0,0.6371292292405543,63.71
S0275,Small,Light,High,Normal,PersonalCare,35,13,28,3073,0.7472217363092142,0.5789473684210527,0.9333333333333333,0.6769394261424017,1.0,0.0,0.6850110240066757,68.5
S0276,Small,Medium,Low,Fragile,Beverages,20,7,28,3377,0.5224427366393611,0.2631578947368421,0.9333333333333333,1.0,0.2,1.0,0.5954865367711448,59.55
S0277,Large,Heavy,Low,Chilled,Electronics,21,8,30,2436,0.5418430900086738,0.3157894736842105,1.0,0.0,0.2,0.0,0.42280297623987795,42.28
S0278,Large,Light,Medium,Normal,Electronics,18,9,29,2436,0.4807046925753332,0.3684210526315789,0.9666666666666667,0.0,0.5,0.0,0.43693085292768236,43.69
S0279,Small,Heavy,Medium,Normal,PersonalCare,30,11,20,3073,0.684862159697489,0.47368421052631576,0.6666666666666666,0.6769394261424017,0.5,0.0,0.5521325406136245,55.21
S0280,Small,Light,Medium,Normal,Grocery,35,13,29,2945,0.7472217363092142,0.5789473684210527,0.9666666666666667,0.5409139213602551,0.5,0.0,0.6264084735284611,62.64
S0281,Large,Light,High,Chilled,Beverages,55,15,29,3377,0.9314803056016984,0.6842105263157895,0.9666666666666667,1.0,1.0,0.0,0.8078602122237523,80.79
S0282,Large,Light,Low,Normal,Grocery,37,11,29,2945,0.7697695188932211,0.47368421052631576,0.9666666666666667,0.5409139213602551,0.2,0.0,0.5832475658539161,58.32
S0283,Large,Medium,Medium,Normal,Home,22,7,26,3192,0.5603809148566115,0.2631578947368421,0.8666666666666667,0.8034006376195537,0.5,0.0,0.5091049629091379,50.91
S0284,Medium,Medium,Medium,Chilled,Home,8,5,27,3192,0.16909208367343828,0.15789473684210525,0.9,0.8034006376195537,0.5,0.0,0.3561012404160798,35.61
S0285,Small,Heavy,Medium,Normal,PersonalCare,21,7,29,3073,0.5418430900086738,0.2631578947368421,0.9666666666666667,0.6769394261424017,0.5,0.0,0.5049706030646444,50.5
S0286,Large,Light,High,Normal,PersonalCare,28,10,29,3073,0.6570496963029375,0.42105263157894735,0.9666666666666667,0.6769394261424017,1.0,0.0,0.6268718626360578,62.69
S0287,Small,Light,High,Normal,PersonalCare,46,15,30,3073,0.8584145253682584,0.6842105263157895,1.0,0.6769394261424017,1.0,0.0,0.7549811317562886,75.5
S0288,Medium,Medium,Low,Normal,Home,32,11,28,3192,0.7109351736821122,0.47368421052631576,0.9333333333333333,0.8034006376195537,0.2,0.0,0.5839042166559578,58.39
S0289,Medium,Light,High,Normal,Grocery,47,12,27,2945,0.8671944789536636,0.5263157894736842,0.9,0.5409139213602551,1.0,0.0,0.6978726176645446,69.79
S0290,Large,Medium,Medium,Normal,Grocery,25,9,30,2945,0.6115100544329425,0.3684210526315789,1.0,0.5409139213602551,0.5,0.0,0.5418041217138713,54.18
S0291,Medium,Light,Medium,Normal,PersonalCare,23,7,29,3073,0.5781296526357756,0.2631578947368421,0.9666666666666667,0.6769394261424017,0.5,0.0,0.5176708999841301,51.77
S0292,Small,Heavy,Medium,Normal,Beverages,35,10,25,3377,0.7472217363092142,0.42105263157894735,0.8333333333333334,1.0,0.5,0.0,0.6207381340240145,62.07
S0293,Large,Light,Medium,Hazardous,Grocery,48,17,29,2945,0.8757933896052839,0.7894736842105263,0.9666666666666667,0.5409139213602551,0.5,0.0,0.7135138153399803,71.35
S0294,Small,Light,Medium,Normal,Home,17,7,26,3192,0.45815690999132624,0.2631578947368421,0.8666666666666667,0.8034006376195537,0.5,0.0,0.47332656120628797,47.33
S0295,Small,Medium,Low,Hazardous,Electronics,10,5,29,2436,0.25277826369078604,0.15789473684210525,0.9666666666666667,0.0,0.2,0.0,0.2850513396601962,28.51
S0296,Medium,Light,Medium,Normal,Electronics,27,8,25,2436,0.6424154792838106,0.3157894736842105,0.8333333333333334,0.0,0.5,0.0,0.4630033124861758,46.3
S0297,Medium,Light,Medium,Chilled,Electronics,27,9,30,2436,0.6424154792838106,0.3684210526315789,1.0,0.0,0.5,0.0,0.49852962827564945,49.85
S0298,Medium,Medium,Medium,Fragile,Beverages,26,8,30,3377,0.6272489936647647,0.3157894736842105,1.0,1.0,0.5,1.0,0.6826950425195097,68.27
S0299,Medium,Heavy,Medium,Normal,PersonalCare,30,10,29,3073,0.684862159697489,0.42105263157894735,0.9666666666666667,0.6769394261424017,0.5,0.0,0.5866062248241508,58.66
S0300,Medium,Heavy,Low,Fragile,Home,36,11,25,3192,0.7586479960374547,0.47368421052631576,0.8333333333333334,0.8034006376195537,0.2,1.0,0.6856037044803277,68.56
S0301,Large,Medium,Low,Chilled,Beverages,25,8,28,3377,0.6115100544329425,0.3157894736842105,0.9333333333333333,1.0,0.2,0.0,0.537186413788372,53.72
S0302,Small,Medium,Medium,Normal,Home,17,6,23,3192,0.45815690999132624,0.21052631578947367,0.7666666666666667,0.8034006376195537,0.5,0.0,0.44780024541681424,44.78
S0303,Small,Medium,High,Normal,Home,32,11,26,3192,0.7109351736821122,0.47368421052631576,0.8666666666666667,0.8034006376195537,1.0,0.0,0.6539042166559578,65.39
S0304,Small,Medium,Medium,Normal,PersonalCare,26,9,29,3073,0.6272489936647647,0.3684210526315789,0.9666666666666667,0.6769394261424017,0.5,0.0,0.5559153009232236,55.59
S0305,Small,Medium,Medium,Fragile,Electronics,5,3,30,2436,0.0,0.05263157894736842,1.0,0.0,0.5,1.0,0.31052631578947365,31.05
S0306,Medium,Heavy,High,Fragile,PersonalCare,24,9,30,3073,0.5951537466332653,0.3684210526315789,1.0,0.6769394261424017,1.0,1.0,0.6996819644621988,69.97
S0307,Small,Heavy,Medium,Fragile,Beverages,41,16,27,3377,0.8115075629572489,0.7368421052631579,0.9,1.0,0.5,1.0,0.8163960680876686,81.64
S0308,Large,Medium,Medium,Normal,Beverages,39,14,25,3377,0.7911604841156893,0.631578947368421,0.8333333333333334,1.0,0.5,0.0,0.6782219589141755,67.82
S0309,Large,Light,Medium,Fragile,Beverages,30,11,28,3377,0.684862159697489,0.47368421052631576,0.9333333333333333,1.0,0.5,1.0,0.7244385979993843,72.44
S0310,Small,Medium,Low,Normal,PersonalCare,14,6,24,3073,0.38212291515335184,0.21052631578947367,0.8,0.6769394261424017,0.2,0.0,0.38354222607580807,38.35
S0311,Small,Light,High,Normal,Home,44,14,30,3192,0.840279825144678,0.631578947368421,1.0,0.8034006376195537,1.0,0.0,0.7507537920362768,75.08
S0312,Large,Medium,High,Normal,Home,14,5,25,3192,0.38212291515335184,0.15789473684210525,0.8333333333333334,0.8034006376195537,1.0,0.0,0.4706620314340495,47.07
S0313,Large,Medium,Low,Normal,Grocery,27,12,26,2945,0.6424154792838106,0.5263157894736842,0.8666666666666667,0.5409139213602551,0.2,0.0,0.534199967780096,53.42
S0314,Medium,Heavy,Medium,Normal,Beverages,22,7,28,3377,0.5603809148566115,0.2631578947368421,0.9333333333333333,1.0,0.5,0.0,0.5387648991471824,53.88
S0315,Large,Light,Medium,Normal,Home,17,6,29,3192,0.45815690999132624,0.21052631578947367,0.9666666666666667,0.8034006376195537,0.5,0.0,0.47780024541681426,47.78
S0316,Medium,Light,Medium,Normal,Grocery,29,11,30,2945,0.6711877414712398,0.47368421052631576,1.0,0.5409139213602551,0.5,0.0,0.5837439437562226,58.37
S0317,Medium,Heavy,Medium,Normal,Home,37,12,27,3192,0.7697695188932211,0.5263157894736842,0.9,0.8034006376195537,0.5,0.0,0.6400225532693196,64.0
S0318,Medium,Heavy,Low,Normal,Beverages,39,12,29,3377,0.7911604841156893,0.5263157894736842,0.9666666666666667,1.0,0.2,0.0,0.647169327335228,64.72
S0319,Medium,Heavy,Low,Normal,Electronics,39,13,27,2436,0.7911604841156893,0.5789473684210527,0.9,0.0,0.2,0.0,0.5476956431247018,54.77
S0320,Medium,Heavy,Medium,Normal,Beverages,48,15,29,3377,0.8757933896052839,0.6842105263157895,0.9666666666666667,1.0,0.5,0.0,0.7383697916250073,73.84
S0321,Small,Light,Medium,Normal,PersonalCare,32,11,30,3073,0.7109351736821122,0.47368421052631576,1.0,0.6769394261424017,0.5,0.0,0.6112580955082427,61.13
S0322,Large,Light,Medium,Normal,Home,18,6,30,3192,0.4807046925753332,0.21052631578947367,1.0,0.8034006376195537,0.5,0.0,0.49069196932121667,49.07
S0323,Medium,Medium,Medium,Normal,Home,17,6,17,3192,0.45815690999132624,0.21052631578947367,0.5666666666666667,0.8034006376195537,0.5,0.0,0.4178002454168142,41.78
S0324,Large,Medium,High,Normal,PersonalCare,41,15,30,3073,0.8115075629572489,0.6842105263157895,1.0,0.6769394261424017,1.0,0.0,0.7385636949124351,73.86
S0325,Large,Heavy,Low,Normal,PersonalCare,45,13,26,3073,0.8494457411744994,0.5789473684210527,0.8666666666666667,0.6769394261424017,0.2,0.0,0.6307894257095255,63.08
S0326,Medium,Heavy,High,Normal,Electronics,42,14,26,2436,0.8213205425636243,0.631578947368421,0.8666666666666667,0.0,1.0,0.0,0.6437779793709527,64.38
S0327,Small,Heavy,Low,Normal,Home,37,13,27,3192,0.7697695188932211,0.5789473684210527,0.9,0.8034006376195537,0.2,0.0,0.6205488690587933,62.05
S0328,Medium,Medium,Medium,Chilled,Home,33,11,27,3192,0.7233848262955236,0.47368421052631576,0.9,0.8034006376195537,0.5,0.0,0.6132615950706518,61.33
S0329,Small,Medium,High,Normal,Electronics,34,12,30,2436,0.7354735681192746,0.5263157894736842,1.0,0.0,1.0,0.0,0.6126789067364828,61.27
S0330,Large,Medium,Medium,Normal,Grocery,37,12,28,2945,0.7697695188932211,0.5263157894736842,0.9333333333333333,0.5409139213602551,0.5,0.0,0.6187738816433898,61.88
S0331,Small,Medium,Low,Normal,Electronics,30,11,28,2436,0.684862159697489,0.47368421052631576,0.9333333333333333,0.0,0.2,0.0,0.4944385979993843,49.44
S0332,Small,Medium,Low,Normal,Beverages,22,10,30,3377,0.5603809148566115,0.42105263157894735,1.0,1.0,0.2,0.0,0.5503438465156034,55.03
S0333,Small,Medium,Low,Normal,Home,51,16,29,3192,0.9005748807508304,0.7368421052631579,0.9666666666666667,0.8034006376195537,0.2,0.0,0.7079096930773776,70.79
S0334,Large,Medium,Medium,Normal,PersonalCare,34,11,25,3073,0.7354735681192746,0.47368421052631576,0.8333333333333334,0.6769394261424017,0.5,0.0,0.5948465335612494,59.48
S0335,Large,Heavy,Medium,Normal,Beverages,28,7,30,3377,0.6570496963029375,0.2631578947368421,1.0,1.0,0.5,0.0,0.5825989726533966,58.26
S0336,Small,Heavy,Low,Normal,Home,39,14,30,3192,0.7911604841156893,0.631578947368421,1.0,0.8034006376195537,0.2,0.0,0.6535620226761308,65.36
S0337,Small,Heavy,Medium,Normal,Electronics,49,15,28,2436,0.8842185729511531,0.6842105263157895,0.9333333333333333,0.0,0.5,0.0,0.6363186057960616,63.63
S0338,Medium,Heavy,Medium,Fragile,Beverages,38,13,29,3377,0.7806021381063809,0.5789473684210527,0.9666666666666667,1.0,0.5,1.0,0.7840002220214438,78.4
S0339,Small,Medium,Medium,Fragile,Home,31,10,28,3192,0.6981023952802253,0.42105263157894735,0.9333333333333333,0.8034006376195537,0.5,1.0,0.6988864284258237,69.89
S0340,Medium,Light,Low,Fragile,Grocery,33,10,29,2945,0.7233848262955236,0.42105263157894735,0.9666666666666667,0.5409139213602551,0.2,1.0,0.6564866076552482,65.65
S0341,Small,Medium,Low,Hazardous,Grocery,21,7,22,2945,0.5418430900086738,0.2631578947368421,0.7333333333333333,0.5409139213602551,0.2,0.0,0.42636805258642974,42.64
S0342,Medium,Light,High,Normal,PersonalCare,39,12,30,3073,0.7911604841156893,0.5263157894736842,1.0,0.6769394261424017,1.0,0.0,0.6998632699494681,69.99
S0343,Large,Heavy,Low,Normal,Home,57,15,30,3192,0.9461145226208255,0.6842105263157895,1.0,0.8034006376195537,0.2,0.0,0.7183222519424022,71.83
S0344,Small,Medium,Low,Normal,Grocery,43,12,26,2945,0.8309079163265617,0.5263157894736842,0.8666666666666667,0.5409139213602551,0.2,0.0,0.600172320745059,60.02
S0345,Small,Heavy,High,Normal,Electronics,24,10,25,2436,0.5951537466332653,0.42105263157894735,0.8333333333333334,0.0,1.0,0.0,0.5175143376374323,51.75
S0346,Small,Medium,Medium,Chilled,Home,30,9,28,3192,0.684862159697489,0.3684210526315789,0.9333333333333333,0.8034006376195537,0.5,0.0,0.5837260301823923,58.37
S0347,Small,Heavy,Low,Normal,Electronics,21,7,29,2436,0.5418430900086738,0.2631578947368421,0.9666666666666667,0.0,0.2,0.0,0.4072766604504042,40.73
S0348,Medium,Light,High,Chilled,Electronics,33,11,30,2436,0.7233848262955236,0.47368421052631576,1.0,0.0,1.0,0.0,0.5979215313086964,59.79
S0349,Small,Light,Medium,Normal,Grocery,35,12,29,2945,0.7472217363092142,0.5263157894736842,0.9666666666666667,0.5409139213602551,0.5,0.0,0.6158821577389874,61.59
S0350,Large,Light,Medium,Chilled,Home,19,6,27,3192,0.5020956577978013,0.21052631578947367,0.9,0.8034006376195537,0.5,0.0,0.4831788071490805,48.32
S0351,Large,Medium,Low,Normal,Beverages,22,7,28,3377,0.5603809148566115,0.2631578947368421,0.9333333333333333,1.0,0.2,0.0,0.5087648991471824,50.88
S0352,Small,Light,Low,Normal,Grocery,12,4,29,2945,0.3224452281150547,0.10526315789473684,0.9666666666666667,0.5409139213602551,0.2,0.0,0.352999853555242,35.3
S0353,Large,Medium,Low,Normal,Grocery,41,13,30,2945,0.8115075629572489,0.5789473684210527,1.0,0.5409139213602551,0.2,0.0,0.6239085128552732,62.39
S0354,Small,Light,Medium,Normal,Home,34,9,27,3192,0.7354735681192746,0.3684210526315789,0.9,0.8034006376195537,0.5,0.0,0.5964400231300173,59.64
S0355,Small,Light,Low,Normal,Home,23,8,28,3192,0.5781296526357756,0.3157894736842105,0.9333333333333333,0.8034006376195537,0.2,0.0,0.5058433369213189,50.58
S0356,Large,Medium,Low,Normal,Electronics,36,13,27,2436,0.7586479960374547,0.5789473684210527,0.9,0.0,0.2,0.0,0.5363162722973197,53.63
S0357,Small,Medium,Medium,Fragile,Home,30,10,28,3192,0.684862159697489,0.42105263157894735,0.9333333333333333,0.8034006376195537,0.5,1.0,0.6942523459718659,69.43
S0358,Large,Light,Low,Normal,Electronics,27,9,30,2436,0.6424154792838106,0.3684210526315789,1.0,0.0,0.2,0.0,0.4685296282756495,46.85
S0359,Medium,Medium,High,Normal,Grocery,39,12,30,2945,0.7911604841156893,0.5263157894736842,1.0,0.5409139213602551,1.0,0.0,0.6862607194712536,68.63
S0360,Small,Light,Medium,Normal,PersonalCare,16,5,27,3073,0.4343199999776358,0.15789473684210525,0.9,0.6769394261424017,0.5,0.0,0.4362848899748337,43.63
S0361,Medium,Medium,Medium,Fragile,Beverages,18,6,27,3377,0.4807046925753332,0.21052631578947367,0.9,1.0,0.5,1.0,0.5953519055592613,59.54
S0362,Large,Heavy,High,Normal,Grocery,28,9,27,2945,0.6570496963029375,0.3684210526315789,0.9,0.5409139213602551,1.0,0.0,0.5927429963683694,59.27
S0363,Medium,Heavy,High,Normal,Home,37,11,25,3192,0.7697695188932211,0.47368421052631576,0.8333333333333334,0.8034006376195537,1.0,0.0,0.6694962374798459,66.95
S0364,Medium,Heavy,Medium,Normal,Beverages,33,10,30,3377,0.7233848262955236,0.42105263157894735,1.0,1.0,0.5,0.0,0.6373952155192227,63.74
S0365,Large,Heavy,Medium,Normal,PersonalCare,28,11,30,3073,0.6570496963029375,0.47368421052631576,1.0,0.6769394261424017,0.5,0.0,0.5923981784255314,59.24
S0366,Medium,Heavy,Low,Normal,PersonalCare,17,8,28,3073,0.45815690999132624,0.3157894736842105,0.9333333333333333,0.6769394261424017,0.2,0.0,0.4512067558480464,45.12
S0367,Medium,Light,High,Normal,Electronics,14,5,19,2436,0.38212291515335184,0.15789473684210525,0.6333333333333333,0.0,1.0,0.0,0.3603219676720941,36.03
S0368,Large,Heavy,Medium,Normal,Beverages,35,12,30,3377,0.7472217363092142,0.5263157894736842,1.0,1.0,0.5,0.0,0.6667907656029618,66.68
S0369,Medium,Heavy,Medium,Fragile,Electronics,24,8,28,2436,0.5951537466332653,0.3157894736842105,0.9333333333333333,0.0,0.5,1.0,0.561461706058485,56.15
S0370,Large,Heavy,Low,Normal,Grocery,21,6,21,2945,0.5418430900086738,0.21052631578947367,0.7,0.5409139213602551,0.2,0.0,0.4108417367969561,41.08
S0371,Medium,Heavy,Medium,Normal,Beverages,26,9,30,3377,0.6272489936647647,0.3684210526315789,1.0,1.0,0.5,0.0,0.5932213583089835,59.32
S0372,Large,Medium,Medium,Normal,Grocery,28,10,27,2945,0.6570496963029375,0.42105263157894735,0.9,0.5409139213602551,0.5,0.0,0.5532693121578431,55.33
S0373,Large,Light,Low,Hazardous,Electronics,33,12,29,2436,0.7233848262955236,0.5263157894736842,0.9666666666666667,0.0,0.2,0.0,0.52344784709817,52.34
S0374,Medium,Heavy,Medium,Normal,Beverages,26,9,27,3377,0.6272489936647647,0.3684210526315789,0.9,1.0,0.5,0.0,0.5782213583089835,57.82
S0375,Medium,Heavy,Medium,Fragile,Electronics,40,11,29,2436,0.8014581033947642,0.47368421052631576,0.9666666666666667,0.0,0.5,1.0,0.6702471782934306,67.02
S0376,Medium,Heavy,High,Normal,Beverages,31,12,29,3377,0.6981023952802253,0.5263157894736842,0.9666666666666667,1.0,1.0,0.0,0.6945989962428156,69.46
S0377,Small,Light,Low,Normal,Electronics,22,10,29,2436,0.5603809148566115,0.42105263157894735,0.9666666666666667,0.0,0.2,0.0,0.44534384651560344,44.53
S0378,Small,Medium,High,Normal,PersonalCare,29,11,30,3073,0.6711877414712398,0.47368421052631576,1.0,0.6769394261424017,1.0,0.0,0.6473464942344372,64.73
S0379,Small,Light,Low,Hazardous,Electronics,45,14,29,2436,0.8494457411744994,0.631578947368421,0.9666666666666667,0.0,0.2,0.0,0.588621798884759,58.86
S0380,Large,Medium,Medium,Normal,PersonalCare,40,13,29,3073,0.8014581033947642,0.5789473684210527,0.9666666666666667,0.6769394261424017,0.5,0.0,0.6589937524866183,65.9
S0381,Medium,Heavy,Low,Fragile,Electronics,42,16,28,2436,0.8213205425636243,0.7368421052631579,0.9333333333333333,0.0,0.2,1.0,0.6948306109499001,69.48
S0382,Large,Heavy,Low,Chilled,Beverages,30,9,25,3377,0.684862159697489,0.3684210526315789,0.8333333333333334,1.0,0.2,0.0,0.5583859664204369,55.84
S0383,Small,Light,Low,Normal,Beverages,21,7,22,3377,0.5418430900086738,0.2631578947368421,0.7333333333333333,1.0,0.2,0.0,0.4722766604504043,47.23
S0384,Medium,Light,Medium,Normal,Beverages,31,9,29,3377,0.6981023952802253,0.3684210526315789,0.9666666666666667,1.0,0.5,0.0,0.6130200488743947,61.3
S0385,Large,Medium,Low,Normal,Home,26,8,28,3192,0.6272489936647647,0.3157894736842105,0.9333333333333333,0.8034006376195537,0.2,0.0,0.5230351062814651,52.3
S0386,Medium,Medium,Medium,Normal,Grocery,37,12,23,2945,0.7697695188932211,0.5263157894736842,0.7666666666666667,0.5409139213602551,0.5,0.0,0.5937738816433897,59.38
S0387,Large,Light,Medium,Fragile,Beverages,62,18,27,3377,0.9805996466306874,0.8421052631578947,0.9,1.0,0.5,1.0,0.8966309289523196,89.66
S0388,Medium,Medium,Medium,Chilled,PersonalCare,18,8,29,3073,0.4807046925753332,0.3157894736842105,0.9666666666666667,0.6769394261424017,0.5,0.0,0.49409847975244886,49.41
S0389,Small,Light,Low,Normal,Beverages,14,5,28,3377,0.38212291515335184,0.15789473684210525,0.9333333333333333,1.0,0.2,0.0,0.4253219676720942,42.53
S0390,Small,Medium,Low,Normal,Home,42,14,23,3192,0.8213205425636243,0.631578947368421,0.7666666666666667,0.8034006376195537,0.2,0.0,0.6291180431329081,62.91
S0391,Medium,Light,Low,Fragile,PersonalCare,22,7,30,3073,0.5603809148566115,0.2631578947368421,1.0,0.6769394261424017,0.2,1.0,0.5864588417614226,58.65
S0392,Large,Light,Medium,Normal,Home,11,4,30,3192,0.28906482631788794,0.10526315789473684,1.0,0.8034006376195537,0.5,0.0,0.40256538455216345,40.26
S0393,Small,Light,Medium,Fragile,PersonalCare,36,12,30,3073,0.7586479960374547,0.5263157894736842,1.0,0.6769394261424017,0.5,1.0,0.7384838991220862,73.85
S0394,Small,Medium,Low,Normal,Electronics,23,7,27,2436,0.5781296526357756,0.2631578947368421,0.9,0.0,0.2,0.0,0.4099769573698899,41.0
S0395,Small,Medium,Medium,Normal,Grocery,32,9,28,2945,0.7109351736821122,0.3684210526315789,0.9333333333333333,0.5409139213602551,0.5,0.0,0.5666029134510806,56.66
S0396,Medium,Medium,High,Normal,Grocery,38,10,26,2945,0.7806021381063809,0.42105263157894735,0.8666666666666667,0.5409139213602551,1.0,0.0,0.6415126667890483,64.15
S0397,Medium,Light,Medium,Normal,Home,24,8,28,3192,0.5951537466332653,0.3157894736842105,0.9333333333333333,0.8034006376195537,0.5,0.0,0.5418017698204404,54.18
S0398,Large,Medium,Medium,Normal,Grocery,20,8,26,2945,0.5224427366393611,0.3157894736842105,0.8666666666666667,0.5409139213602551,0.5,0.0,0.480104244696644,48.01
S0399,Large,Medium,Medium,Normal,Home,23,8,27,3192,0.5781296526357756,0.3157894736842105,0.9,0.8034006376195537,0.5,0.0,0.530843336921319,53.08
S0400,Large,Light,Medium,Normal,Home,21,9,28,3192,0.5418430900086738,0.3684210526315789,0.9333333333333333,0.8034006376195537,0.5,0.0,0.533669355791307,53.37
S0401,Medium,Heavy,High,Fragile,Home,49,17,27,3192,0.8842185729511531,0.7894736842105263,0.9,0.8034006376195537,1.0,1.0,0.8827113011369642,88.27
S0402,Medium,Light,High,Chilled,Grocery,22,11,30,2945,0.5603809148566115,0.47368421052631576,1.0,0.5409139213602551,1.0,0.0,0.5949615544411027,59.5
S0403,Large,Medium,Low,Normal,Home,32,10,21,3192,0.7109351736821122,0.42105263157894735,0.7,0.8034006376195537,0.2,0.0,0.5383779008664841,53.84
S0404,Large,Light,Medium,Normal,Grocery,31,9,29,2945,0.6981023952802253,0.3684210526315789,0.9666666666666667,0.5409139213602551,0.5,0.0,0.5671114410104202,56.71
S0405,Medium,Heavy,Medium,Normal,Home,35,10,27,3192,0.7472217363092142,0.42105263157894735,0.9,0.8034006376195537,0.5,0.0,0.6110781977859698,61.11
S0406,Large,Light,Medium,Normal,Beverages,26,9,20,3377,0.6272489936647647,0.3684210526315789,0.6666666666666666,1.0,0.5,0.0,0.5432213583089834,54.32
S0407,Small,Medium,Medium,Normal,Home,14,6,14,3192,0.38212291515335184,0.21052631578947367,0.4666666666666667,0.8034006376195537,0.5,0.0,0.3761883472235232,37.62
S0408,Medium,Heavy,Low,Normal,PersonalCare,27,8,28,3073,0.6424154792838106,0.3157894736842105,0.9333333333333333,0.6769394261424017,0.2,0.0,0.515697255100416,51.57
S0409,Large,Medium,Low,Normal,Home,7,6,25,3192,0.11997274264444946,0.21052631578947367,0.8333333333333334,0.8034006376195537,0.2,0.0,0.3094357868454074,30.94
S0410,Medium,Heavy,High,Normal,Electronics,35,11,21,2436,0.7472217363092142,0.47368421052631576,0.7,0.0,1.0,0.0,0.5612644498134881,56.13
S0411,Small,Heavy,Medium,Normal,Home,33,10,30,3192,0.7233848262955236,0.42105263157894735,1.0,0.8034006376195537,0.5,0.0,0.6177352792811781,61.77
S0412,Medium,Light,Low,Normal,PersonalCare,29,8,30,3073,0.6711877414712398,0.3157894736842105,1.0,0.6769394261424017,0.2,0.0,0.5357675468660161,53.58
S0413,Medium,Light,Low,Hazardous,PersonalCare,22,9,29,3073,0.5603809148566115,0.3684210526315789,0.9666666666666667,0.6769394261424017,0.2,0.0,0.5025114733403699,50.25
S0414,Medium,Medium,Medium,Normal,Grocery,30,9,30,2945,0.684862159697489,0.3684210526315789,1.0,0.5409139213602551,0.5,0.0,0.5674773585564625,56.75
S0415,Medium,Light,Medium,Normal,Beverages,25,8,30,3377,0.6115100544329425,0.3157894736842105,1.0,1.0,0.5,0.0,0.577186413788372,57.72
S0416,Small,Light,High,Normal,Home,20,8,30,3192,0.5224427366393611,0.3157894736842105,1.0,0.8034006376195537,1.0,0.0,0.5763529163225738,57.64
S0417,Medium,Heavy,Low,Normal,Grocery,51,16,29,2945,0.9005748807508304,0.7368421052631579,0.9666666666666667,0.5409139213602551,0.2,0.0,0.6816610214514478,68.17
S0418,Medium,Light,Medium,Fragile,Beverages,30,9,28,3377,0.684862159697489,0.3684210526315789,0.9333333333333333,1.0,0.5,1.0,0.7033859664204369,70.34
S0419,Large,Heavy,Low,Normal,Home,20,7,27,3192,0.5224427366393611,0.2631578947368421,0.9,0.8034006376195537,0.2,0.0,0.4708266005331002,47.08
S0420,Medium,Heavy,Medium,Hazardous,Electronics,30,11,28,2436,0.684862159697489,0.47368421052631576,0.9333333333333333,0.0,0.5,0.0,0.5244385979993843,52.44
S0421,Large,Heavy,Medium,Normal,Home,26,8,30,3192,0.6272489936647647,0.3157894736842105,1.0,0.8034006376195537,0.5,0.0,0.5630351062814651,56.3
S0422,Small,Medium,Medium,Normal,PersonalCare,22,6,29,3073,0.5603809148566115,0.21052631578947367,0.9666666666666667,0.6769394261424017,0.5,0.0,0.5009325259719489,50.09
S0423,Small,Medium,Medium,Fragile,PersonalCare,18,9,30,3073,0.4807046925753332,0.3684210526315789,1.0,0.6769394261424017,0.5,1.0,0.6096247955419225,60.96
S0424,Small,Medium,High,Normal,Electronics,17,6,30,2436,0.45815690999132624,0.21052631578947367,1.0,0.0,1.0,0.0,0.4524601816548589,45.25
S0425,Small,Heavy,Medium,Normal,Grocery,32,11,27,2945,0.7109351736821122,0.47368421052631576,0.9,0.5409139213602551,0.5,0.0,0.582655545030028,58.27
S0426,Large,Medium,High,Normal,Beverages,15,5,27,3377,0.4090375689623374,0.15789473684210525,0.9,1.0,1.0,0.0,0.5097420965052392,50.97
S0427,Medium,Medium,Low,Normal,Home,26,10,29,3192,0.6272489936647647,0.42105263157894735,0.9666666666666667,0.8034006376195537,0.2,0.0,0.5490877378604124,54.91
S0428,Small,Light,Medium,Chilled,PersonalCare,46,17,30,3073,0.8584145253682584,0.7894736842105263,1.0,0.6769394261424017,0.5,0.0,0.7260337633352358,72.6
S0429,Medium,Medium,High,Normal,Grocery,8,3,27,2945,0.16909208367343828,0.05263157894736842,0.9,0.5409139213602551,1.0,0.0,0.3587999372112026,35.88
S0430,Large,Medium,Low,Normal,Electronics,24,7,26,2436,0.5951537466332653,0.2631578947368421,0.8666666666666667,0.0,0.2,0.0,0.41093539026901127,41.09
S0431,Large,Heavy,Low,Normal,PersonalCare,32,9,27,3073,0.7109351736821122,0.3684210526315789,0.9,0.6769394261424017,0.2,0.0,0.5452054639292953,54.52
S0432,Large,Heavy,Low,Normal,Electronics,13,5,22,2436,0.3533506529659227,0.15789473684210525,0.7333333333333333,0.0,0.2,0.0,0.28525167590649403,28.53
S0433,Small,Heavy,Low,Normal,Home,27,10,30,3192,0.6424154792838106,0.42105263157894735,1.0,0.8034006376195537,0.2,0.0,0.5593960078270785,55.94
S0434,Medium,Heavy,High,Normal,Beverages,28,10,29,3377,0.6570496963029375,0.42105263157894735,0.9666666666666667,1.0,1.0,0.0,0.6591779200218175,65.92
S0435,Medium,Heavy,Medium,Normal,PersonalCare,29,10,27,3073,0.6711877414712398,0.42105263157894735,0.9,0.6769394261424017,0.5,0.0,0.5718201784449637,57.18
S0436,Medium,Heavy,Low,Fragile,PersonalCare,31,10,27,3073,0.6981023952802253,0.42105263157894735,0.9,0.6769394261424017,0.2,1.0,0.6512403072781084,65.12
S0437,Large,Medium,Medium,Normal,Home,25,11,24,3192,0.6115100544329425,0.47368421052631576,0.8,0.8034006376195537,0.5,0.0,0.5591054249187485,55.91
S0438,Small,Heavy,High,Normal,Grocery,58,16,29,2945,0.953243455044697,0.7368421052631579,0.9666666666666667,0.5409139213602551,1.0,0.0,0.7800950224543011,78.01
S0439,Large,Heavy,Low,Chilled,Beverages,21,9,28,3377,0.5418430900086738,0.3684210526315789,0.9333333333333333,1.0,0.2,0.0,0.5233292920293516,52.33
S0440,Large,Light,Medium,Normal,PersonalCare,35,12,28,3073,0.7472217363092142,0.5263157894736842,0.9333333333333333,0.6769394261424017,0.5,0.0,0.624484708217202,62.45
S0441,Medium,Medium,Medium,Normal,Beverages,26,10,29,3377,0.6272489936647647,0.42105263157894735,0.9666666666666667,1.0,0.5,0.0,0.5987476740984571,59.87
S0442,Large,Medium,Medium,Normal,PersonalCare,20,7,23,3073,0.5224427366393611,0.2631578947368421,0.7666666666666667,0.6769394261424017,0.5,0.0,0.468180479385385,46.82
S0443,Medium,Medium,Medium,Normal,Beverages,26,9,25,3377,0.6272489936647647,0.3684210526315789,0.8333333333333334,1.0,0.5,0.0,0.5682213583089835,56.82
S0444,Small,Heavy,Medium,Normal,Electronics,23,8,30,2436,0.5781296526357756,0.3157894736842105,1.0,0.0,0.5,0.0,0.4655032731593635,46.55
S0445,Medium,Heavy,High,Hazardous,PersonalCare,28,10,29,3073,0.6570496963029375,0.42105263157894735,0.9666666666666667,0.6769394261424017,1.0,0.0,0.6268718626360578,62.69
S0446,Small,Heavy,Low,Normal,Beverages,27,9,30,3377,0.6424154792838106,0.3684210526315789,1.0,1.0,0.2,0.0,0.5685296282756495,56.85
S0447,Medium,Light,Medium,Normal,Grocery,33,12,26,2945,0.7233848262955236,0.5263157894736842,0.8666666666666667,0.5409139213602551,0.5,0.0,0.5925392392341956,59.25
S0448,Large,Heavy,High,Fragile,Electronics,27,10,28,2436,0.6424154792838106,0.42105263157894735,0.9333333333333333,0.0,1.0,1.0,0.6490559440651231,64.91
S0449,Large,Light,Low,Normal,Electronics,28,11,29,2436,0.6570496963029375,0.47368421052631576,0.9666666666666667,0.0,0.2,0.0,0.4897042358112913,48.97
S0450,Small,Medium,Low,Normal,Grocery,22,9,30,2945,0.5603809148566115,0.3684210526315789,1.0,0.5409139213602551,0.2,0.0,0.4939089228621554,49.39
S0451,Small,Heavy,Low,Normal,Beverages,22,7,30,3377,0.5603809148566115,0.2631578947368421,1.0,1.0,0.2,0.0,0.5187648991471824,51.88
S0452,Small,Light,Low,Hazardous,Home,22,6,23,3192,0.5603809148566115,0.21052631578947367,0.7666666666666667,0.8034006376195537,0.2,0.0,0.4535786471196641,45.36
S0453,Medium,Light,Medium,Normal,Grocery,23,7,29,2945,0.5781296526357756,0.2631578947368421,0.9666666666666667,0.5409139213602551,0.5,0.0,0.5040683495059155,50.41
S0454,Medium,Heavy,Medium,Normal,Beverages,20,9,27,3377,0.5224427366393611,0.3684210526315789,0.9,1.0,0.5,0.0,0.5415391683500922,54.15
S0455,Small,Medium,High,Normal,Grocery,42,14,24,2945,0.8213205425636243,0.631578947368421,0.8,0.5409139213602551,1.0,0.0,0.6878693715069782,68.79
S0456,Large,Medium,Medium,Normal,Grocery,26,11,30,2945,0.6272489936647647,0.47368421052631576,1.0,0.5409139213602551,0.5,0.0,0.5683653820239564,56.84
S0457,Medium,Medium,Medium,Normal,PersonalCare,36,11,30,3073,0.7586479960374547,0.47368421052631576,1.0,0.6769394261424017,0.5,0.0,0.6279575833326125,62.8
S0458,Medium,Light,Medium,Normal,Beverages,28,7,30,3377,0.6570496963029375,0.2631578947368421,1.0,1.0,0.5,0.0,0.5825989726533966,58.26
S0459,Medium,Light,Low,Fragile,Home,24,8,30,3192,0.5951537466332653,0.3157894736842105,1.0,0.8034006376195537,0.2,1.0,0.6218017698204403,62.18
S0460,Small,Light,Medium,Normal,PersonalCare,27,9,30,3073,0.6424154792838106,0.3684210526315789,1.0,0.6769394261424017,0.5,0.0,0.5662235708898897,56.62
S0461,Small,Light,High,Normal,Grocery,23,8,27,2945,0.5781296526357756,0.3157894736842105,0.9,0.5409139213602551,1.0,0.0,0.554594665295389,55.46
S0462,Small,Medium,Medium,Fragile,Grocery,23,8,23,2945,0.5781296526357756,0.3157894736842105,0.7666666666666667,0.5409139213602551,0.5,1.0,0.5845946652953891,58.46
S0463,Small,Heavy,Medium,Chilled,Grocery,26,8,15,2945,0.6272489936647647,0.3157894736842105,0.5,0.5409139213602551,0.5,0.0,0.4617864346555352,46.18
S0464,Small,Light,High,Normal,Beverages,65,18,28,3377,1.0,0.8421052631578947,0.9333333333333333,1.0,1.0,0.0,0.8584210526315789,85.84
S0465,Large,Light,Low,Normal,Beverages,36,10,26,3377,0.7586479960374547,0.42105263157894735,0.8666666666666667,1.0,0.2,0.0,0.5997373249288986,59.97
S0466,Large,Medium,Medium,Normal,PersonalCare,16,7,29,3073,0.4343199999776358,0.2631578947368421,0.9666666666666667,0.6769394261424017,0.5,0.0,0.46733752155378105,46.73
S0467,Small,Heavy,Medium,Hazardous,Home,44,14,28,3192,0.840279825144678,0.631578947368421,0.9333333333333333,0.8034006376195537,0.5,0.0,0.6907537920362768,69.08
S0468,Medium,Heavy,Medium,Chilled,PersonalCare,36,10,23,3073,0.7586479960374547,0.42105263157894735,0.7666666666666667,0.6769394261424017,0.5,0.0,0.5824312675431388,58.24
S0469,Small,Medium,Low,Normal,Electronics,25,7,29,2436,0.6115100544329425,0.2631578947368421,0.9666666666666667,0.0,0.2,0.0,0.43166009799889826,43.17
S0470,Large,Medium,Medium,Fragile,Grocery,47,14,30,2945,0.8671944789536636,0.631578947368421,1.0,0.5409139213602551,0.5,1.0,0.783925249243492,78.39
S0471,Large,Heavy,Medium,Normal,Grocery,37,11,30,2945,0.7697695188932211,0.47368421052631576,1.0,0.5409139213602551,0.5,0.0,0.6182475658539162,61.82
S0472,Medium,Light,Medium,Normal,Grocery,35,11,30,2945,0.7472217363092142,0.47368421052631576,1.0,0.5409139213602551,0.5,0.0,0.6103558419495138,61.04
S0473,Large,Heavy,Medium,Normal,PersonalCare,35,13,27,3073,0.7472217363092142,0.5789473684210527,0.9,0.6769394261424017,0.5,0.0,0.6300110240066759,63.0
S0474,Small,Medium,Low,Fragile,PersonalCare,33,10,28,3073,0.7233848262955236,0.42105263157894735,0.9333333333333333,0.6769394261424017,0.2,1.0,0.6650891581334629,66.51
S0475,Medium,Light,Low,Normal,Grocery,40,12,30,2945,0.8014581033947642,0.5263157894736842,1.0,0.5409139213602551,0.2,0.0,0.6098648862189299,60.99
S0476,Small,Light,Medium,Fragile,PersonalCare,29,10,28,3073,0.6711877414712398,0.42105263157894735,0.9333333333333333,0.6769394261424017,0.5,1.0,0.6768201784449636,67.68
S0477,Small,Medium,Low,Fragile,Beverages,32,13,29,3377,0.7109351736821122,0.5789473684210527,0.9666666666666667,1.0,0.2,1.0,0.7296167844729498,72.96
S0478,Medium,Medium,Low,Fragile,Beverages,20,8,29,3377,0.5224427366393611,0.3157894736842105,0.9666666666666667,1.0,0.2,1.0,0.6110128525606184,61.1
S0479,Small,Medium,Low,Normal,PersonalCare,36,11,28,3073,0.7586479960374547,0.47368421052631576,0.9333333333333333,0.6769394261424017,0.2,0.0,0.5879575833326125,58.8
S0480,Large,Heavy,Low,Normal,Grocery,39,13,17,2945,0.7911604841156893,0.5789473684210527,0.5666666666666667,0.5409139213602551,0.2,0.0,0.5517870352607274,55.18
S0481,Small,Heavy,Medium,Normal,PersonalCare,39,16,30,3073,0.7911604841156893,0.7368421052631579,1.0,0.6769394261424017,0.5,0.0,0.6919685331073631,69.2
S0482,Medium,Light,Medium,Normal,PersonalCare,35,11,27,3073,0.7472217363092142,0.47368421052631576,0.9,0.6769394261424017,0.5,0.0,0.6089583924277284,60.9
S0483,Medium,Medium,Medium,Normal,PersonalCare,20,8,30,3073,0.5224427366393611,0.3157894736842105,1.0,0.6769394261424017,0.5,0.0,0.5137067951748586,51.37
S0484,Medium,Light,Low,Chilled,Electronics,14,5,30,2436,0.38212291515335184,0.15789473684210525,1.0,0.0,0.2,0.0,0.3353219676720942,33.53
S0485,Small,Light,High,Normal,Beverages,31,10,27,3377,0.6981023952802253,0.42105263157894735,0.9,1.0,1.0,0.0,0.6635463646638683,66.35
S0486,Medium,Light,Low,Normal,Home,22,10,29,3192,0.5603809148566115,0.42105263157894735,0.9666666666666667,0.8034006376195537,0.2,0.0,0.5256839102775588,52.57
S0487,Medium,Light,Low,Normal,Home,29,12,29,3192,0.6711877414712398,0.5263157894736842,0.9666666666666667,0.8034006376195537,0.2,0.0,0.5855189311716261,58.55
S0488,Small,Medium,High,Normal,Electronics,11,3,24,2436,0.28906482631788794,0.05263157894736842,0.8,0.0,1.0,0.0,0.33169900500073446,33.17
S0489,Large,Light,Low,Normal,PersonalCare,47,14,30,3073,0.8671944789536636,0.631578947368421,1.0,0.6769394261424017,0.2,0.0,0.6675277997217066,66.75
S0490,Small,Medium,High,Normal,Electronics,34,12,30,2436,0.7354735681192746,0.5263157894736842,1.0,0.0,1.0,0.0,0.6126789067364828,61.27
S0491,Medium,Medium,Medium,Chilled,Electronics,18,6,28,2436,0.4807046925753332,0.21052631578947367,0.9333333333333333,0.0,0.5,0.0,0.4003519055592613,40.04
S0492,Medium,Heavy,Low,Normal,Grocery,47,14,28,2945,0.8671944789536636,0.631578947368421,0.9333333333333333,0.5409139213602551,0.2,0.0,0.643925249243492,64.39
S0493,Small,Medium,High,Hazardous,Beverages,27,10,27,3377,0.6424154792838106,0.42105263157894735,0.9,1.0,1.0,0.0,0.6440559440651231,64.41
S0494,Large,Heavy,Low,Chilled,Home,15,7,22,3192,0.4090375689623374,0.2631578947368421,0.7333333333333333,0.8034006376195537,0.2,0.0,0.4061347918461419,40.61
S0495,Medium,Medium,Low,Normal,PersonalCare,21,7,27,3073,0.5418430900086738,0.2631578947368421,0.9,0.6769394261424017,0.2,0.0,0.46497060306464444,46.5
S0496,Medium,Medium,Medium,Chilled,Home,24,7,30,3192,0.5951537466332653,0.2631578947368421,1.0,0.8034006376195537,0.5,0.0,0.5412754540309667,54.13
S0497,Medium,Medium,High,Normal,Home,25,10,29,3192,0.6115100544329425,0.42105263157894735,0.9666666666666667,0.8034006376195537,1.0,0.0,0.6235791091292746,62.36
S0498,Small,Heavy,Medium,Fragile,Beverages,25,8,20,3377,0.6115100544329425,0.3157894736842105,0.6666666666666666,1.0,0.5,1.0,0.6271864137883719,62.72
S0499,Medium,Heavy,Medium,Normal,Home,15,5,16,3192,0.4090375689623374,0.15789473684210525,0.5333333333333333,0.8034006376195537,0.5,0.0,0.3850821602671945,38.51
S0500,Large,Light,Low,Chilled,Home,26,9,24,3192,0.6272489936647647,0.3684210526315789,0.8,0.8034006376195537,0.2,0.0,0.5135614220709388,51.36
